nodeID1,nodeID2
HGB_1_002_029,HGB_1_002_027
HGB_1_002_029,HGB_1_002_028
HGB_1_002_131,HGB_1_002_130
HGB_1_002_131,HGB_1_002_132
HGB_1_002_128,HGB_1_002_127
HGB_1_002_128,HGB_1_002_129
HGB_1_002_086,HGB_1_002_088
HGB_1_002_087,HGB_1_002_088
HGB_1_002_103,HGB_1_002_101
HGB_1_002_103,HGB_1_002_102
HGB_1_002_125,HGB_1_002_126
HGB_1_002_125,HGB_1_002_124
HGB_1_006_007,HGB_1_006_008
HGB_1_006_007,HGB_1_006_009
HGB_1_008_046,HGB_1_008_045
HGB_1_008_047,HGB_1_008_045
HGB_1_008_027,HGB_1_008_026
HGB_1_008_028,HGB_1_008_026
HGB_1_010_112,HGB_1_010_111
HGB_1_010_113,HGB_1_010_111
HGB_1_010_126,HGB_1_010_125
HGB_1_010_127,HGB_1_010_125
HGB_1_014_043,HGB_1_014_044
HGB_1_014_043,HGB_1_014_042
HGB_1_014_028,HGB_1_014_029
HGB_1_014_028,HGB_1_014_027
HGB_1_017_010,HGB_1_017_009
HGB_1_017_011,HGB_1_017_009
HGB_1_018_024,HGB_1_018_023
HGB_1_018_025,HGB_1_018_023
HGB_1_024_106,HGB_1_024_105
HGB_1_024_107,HGB_1_024_105
HGB_1_024_113,HGB_1_024_112
HGB_1_024_114,HGB_1_024_112
HGB_1_024_117,HGB_1_024_116
HGB_1_024_117,HGB_1_024_072
HGB_1_024_067,HGB_1_024_066
HGB_1_024_068,HGB_1_024_066
HGB_1_058_195,HGB_1_058_194
HGB_1_058_196,HGB_1_058_194
HGB_1_058_037,HGB_1_058_036
HGB_1_058_038,HGB_1_058_036
HGB_1_058_091,HGB_1_058_092
HGB_1_058_091,HGB_1_058_090
HGB_1_058_086,HGB_1_058_087
HGB_1_058_086,HGB_1_058_088
HGB_1_058_155,HGB_1_058_154
HGB_1_058_156,HGB_1_058_154
HGB_1_028_040,HGB_1_028_039
HGB_1_028_041,HGB_1_028_039
HGB_1_028_015,HGB_1_028_013
HGB_1_028_016,HGB_1_028_013
HGB_1_028_043,HGB_1_028_044
HGB_1_028_043,HGB_1_028_045
HGB_1_050_043,HGB_1_050_044
HGB_1_050_043,HGB_1_050_045
HGB_1_056_046,HGB_1_056_045
HGB_1_056_047,HGB_1_056_045
HGB_1_056_037,HGB_1_056_036
HGB_1_056_038,HGB_1_056_036
HGB_1_062_029,HGB_1_062_028
HGB_1_062_027,HGB_1_062_028
HGB_1_062_021,HGB_1_062_020
HGB_1_062_022,HGB_1_062_020
HGB_1_064_036,HGB_1_064_035
HGB_1_064_037,HGB_1_064_035
HGB_1_063_124,HGB_1_063_123
HGB_1_063_125,HGB_1_063_123
HGB_1_063_022,HGB_1_063_021
HGB_1_063_023,HGB_1_063_021
HGB_1_063_058,HGB_1_063_057
HGB_1_063_059,HGB_1_063_057
HGB_1_063_074,HGB_1_063_073
HGB_1_063_075,HGB_1_063_073
HGB_1_063_032,HGB_1_063_031
HGB_1_063_033,HGB_1_063_031
HGB_1_066_039,HGB_1_066_040
HGB_1_066_039,HGB_1_066_041
HGB_1_066_064,HGB_1_066_063
HGB_1_066_065,HGB_1_066_063
HGB_1_066_029,HGB_1_066_028
HGB_1_068_010,HGB_1_068_009
HGB_1_068_008,HGB_1_068_009
HGB_1_078_059,HGB_1_078_058
HGB_1_078_060,HGB_1_078_058
HGB_1_078_062,HGB_1_078_061
HGB_1_078_063,HGB_1_078_061
HGB_1_216_014,HGB_1_216_015
HGB_1_216_014,HGB_1_216_013
HGB_1_079_009,HGB_1_079_008
HGB_1_079_010,HGB_1_079_008
HGB_1_085_029,HGB_1_085_028
HGB_1_085_030,HGB_1_085_028
HGB_1_085_051,HGB_1_085_050
HGB_1_085_052,HGB_1_085_050
HGB_1_085_048,HGB_1_085_047
HGB_1_085_049,HGB_1_085_047
HGB_1_085_021,HGB_1_085_022
HGB_1_085_021,HGB_1_085_023
HGB_1_091_046,HGB_1_091_045
HGB_1_091_153,HGB_1_091_154
HGB_1_091_047,HGB_1_091_045
HGB_1_091_153,HGB_1_091_155
HGB_1_096_015,HGB_1_096_016
HGB_1_096_017,HGB_1_096_016
HGB_1_112_013,HGB_1_112_012
HGB_1_112_014,HGB_1_112_012
HGB_1_113_024,HGB_1_113_023
HGB_1_113_025,HGB_1_113_023
HGB_1_117_015,HGB_1_117_016
HGB_1_117_017,HGB_1_117_016
HGB_1_122_029,HGB_1_122_028
HGB_1_122_030,HGB_1_122_028
HGB_1_122_035,HGB_1_122_034
HGB_1_122_036,HGB_1_122_034
HGB_1_133_028,HGB_1_133_029
HGB_1_133_028,HGB_1_133_027
HGB_1_133_025,HGB_1_133_024
HGB_1_133_026,HGB_1_133_024
HGB_1_136_033,HGB_1_136_032
HGB_1_136_034,HGB_1_136_032
HGB_1_136_038,HGB_1_136_037
HGB_1_136_039,HGB_1_136_037
HGB_1_137_032,HGB_1_137_031
HGB_1_137_033,HGB_1_137_031
HGB_1_137_083,HGB_1_137_084
HGB_1_137_083,HGB_1_137_082
HGB_1_137_015,HGB_1_137_014
HGB_1_137_016,HGB_1_137_014
HGB_1_145_010,HGB_1_145_009
HGB_1_145_011,HGB_1_145_009
HGB_1_146_019,HGB_1_146_023
HGB_1_146_019,HGB_1_146_018
HGB_1_146_053,HGB_1_146_052
HGB_1_146_054,HGB_1_146_052
HGB_1_146_021,HGB_1_146_020
HGB_1_146_022,HGB_1_146_020
HGB_1_146_026,HGB_1_146_027
HGB_1_146_026,HGB_1_146_025
HGB_1_147_039,HGB_1_147_040
HGB_1_147_039,HGB_1_147_038
HGB_1_147_044,HGB_1_147_045
HGB_1_147_044,HGB_1_147_043
HGB_1_148_033,HGB_1_148_032
HGB_1_148_034,HGB_1_148_032
HGB_1_148_027,HGB_1_148_026
HGB_1_148_028,HGB_1_148_026
HGB_1_149_027,HGB_1_149_026
HGB_1_149_027,HGB_1_149_015
HGB_1_150_032,HGB_1_150_031
HGB_1_150_033,HGB_1_150_031
HGB_1_151_015,HGB_1_151_016
HGB_1_151_015,HGB_1_151_014
HGB_1_151_024,HGB_1_151_023
HGB_1_151_025,HGB_1_151_023
HGB_1_151_019,HGB_1_151_020
HGB_1_151_019,HGB_1_151_018
HGB_1_153_027,HGB_1_153_026
HGB_1_153_027,HGB_1_153_028
HGB_1_153_012,HGB_1_153_011
HGB_1_153_012,HGB_1_153_013
HGB_1_154_047,HGB_1_154_048
HGB_1_154_047,HGB_1_154_046
HGB_1_155_039,HGB_1_155_038
HGB_1_155_039,HGB_1_155_040
HGB_1_159_132,HGB_1_159_133
HGB_1_159_132,HGB_1_159_131
HGB_1_159_043,HGB_1_159_042
HGB_1_159_044,HGB_1_159_042
HGB_1_159_126,HGB_1_159_127
HGB_1_159_126,HGB_1_159_125
HGB_1_160_029,HGB_1_160_028
HGB_1_160_030,HGB_1_160_028
HGB_1_160_033,HGB_1_160_032
HGB_1_160_034,HGB_1_160_032
HGB_1_161_033,HGB_1_161_032
HGB_1_161_034,HGB_1_161_032
HGB_1_170_025,HGB_1_170_024
HGB_1_170_026,HGB_1_170_024
HGB_1_170_028,HGB_1_170_027
HGB_1_170_029,HGB_1_170_027
HGB_1_168_063,HGB_1_168_064
HGB_1_168_063,HGB_1_168_062
HGB_1_168_040,HGB_1_168_039
HGB_1_168_041,HGB_1_168_039
HGB_1_172_015,HGB_1_172_014
HGB_1_172_015,HGB_1_172_016
HGB_1_176_017,HGB_1_176_018
HGB_1_176_017,HGB_1_176_016
HGB_1_177_024,HGB_1_177_023
HGB_1_177_025,HGB_1_177_023
HGB_1_177_037,HGB_1_177_036
HGB_1_177_038,HGB_1_177_036
HGB_1_184_011,HGB_1_184_010
HGB_1_184_011,HGB_1_184_012
HGB_1_184_065,HGB_1_184_064
HGB_1_184_066,HGB_1_184_064
HGB_1_189_067,HGB_1_189_066
HGB_1_189_068,HGB_1_189_066
HGB_1_194_028,HGB_1_194_027
HGB_1_194_029,HGB_1_194_027
HGB_1_194_059,HGB_1_194_058
HGB_1_194_060,HGB_1_194_058
HGB_1_194_097,HGB_1_194_096
HGB_1_194_098,HGB_1_194_096
HGB_1_194_113,HGB_1_194_112
HGB_1_194_114,HGB_1_194_112
HGB_1_194_066,HGB_1_194_065
HGB_1_194_067,HGB_1_194_065
HGB_1_194_034,HGB_1_194_033
HGB_1_194_034,HGB_1_194_035
HGB_1_197_060,HGB_1_197_059
HGB_1_197_061,HGB_1_197_059
HGB_1_197_024,HGB_1_197_023
HGB_1_197_025,HGB_1_197_023
HGB_1_197_015,HGB_1_197_014
HGB_1_197_016,HGB_1_197_014
HGB_1_197_030,HGB_1_197_029
HGB_1_197_031,HGB_1_197_029
HGB_1_203_033,HGB_1_203_032
HGB_1_203_034,HGB_1_203_032
HGB_1_204_026,HGB_1_204_027
HGB_1_204_026,HGB_1_204_025
HGB_1_204_052,HGB_1_204_051
HGB_1_204_053,HGB_1_204_051
HGB_1_204_013,HGB_1_204_014
HGB_1_204_013,HGB_1_204_012
HGB_1_206_006,HGB_1_206_007
HGB_1_206_008,HGB_1_206_007
HGB_1_215_035,HGB_1_215_034
HGB_1_215_035,HGB_1_215_036
HGB_1_225_039,HGB_1_225_040
HGB_1_225_041,HGB_1_225_040
HGB_1_225_046,HGB_1_225_045
HGB_1_225_047,HGB_1_225_045
HGB_1_225_062,HGB_1_225_063
HGB_1_225_062,HGB_1_225_061
HGB_1_223_009,HGB_1_223_008
HGB_1_223_009,HGB_1_223_021
HGB_1_227_015,HGB_1_227_014
HGB_1_227_016,HGB_1_227_014
HGB_1_227_051,HGB_1_227_050
HGB_1_227_052,HGB_1_227_050
HGB_1_227_039,HGB_1_227_040
HGB_1_227_039,HGB_1_227_038
HGB_1_229_032,HGB_1_229_033
HGB_1_229_032,HGB_1_229_031
HGB_1_229_028,HGB_1_229_029
HGB_1_229_028,HGB_1_229_027
HGB_1_001_029,HGB_1_001_028
HGB_1_002_064,HGB_1_002_065
HGB_1_002_065,HGB_1_002_066
HGB_1_002_067,HGB_1_002_066
HGB_1_002_083,HGB_1_002_082
HGB_1_002_083,HGB_1_002_084
HGB_1_005_017,HGB_1_005_019
HGB_1_005_018,HGB_1_005_019
HGB_1_005_019,HGB_1_005_020
HGB_1_005_021,HGB_1_005_022
HGB_1_005_023,HGB_1_005_022
HGB_1_005_025,HGB_1_005_024
HGB_1_005_026,HGB_1_005_027
HGB_1_008_020,HGB_1_008_019
HGB_1_010_048,HGB_1_010_047
HGB_1_010_050,HGB_1_010_047
HGB_1_010_049,HGB_1_010_047
HGB_1_010_085,HGB_1_010_083
HGB_1_010_085,HGB_1_010_084
HGB_1_017_017,HGB_1_017_016
HGB_1_018_010,HGB_1_018_009
HGB_1_018_012,HGB_1_018_009
HGB_1_018_011,HGB_1_018_009
HGB_1_018_038,HGB_1_018_037
HGB_1_024_042,HGB_1_024_041
HGB_1_024_043,HGB_1_024_041
HGB_1_024_051,HGB_1_024_049
HGB_1_028_061,HGB_1_028_059
HGB_1_028_061,HGB_1_028_058
HGB_1_028_061,HGB_1_028_060
HGB_1_056_015,HGB_1_056_014
HGB_1_056_033,HGB_1_056_032
HGB_1_056_034,HGB_1_056_032
HGB_1_058_041,HGB_1_058_040
HGB_1_058_042,HGB_1_058_040
HGB_1_058_084,HGB_1_058_083
HGB_1_058_084,HGB_1_058_085
HGB_1_058_099,HGB_1_058_098
HGB_1_058_100,HGB_1_058_098
HGB_1_058_144,HGB_1_058_143
HGB_1_058_163,HGB_1_058_162
HGB_1_058_164,HGB_1_058_162
HGB_1_058_174,HGB_1_058_173
HGB_1_063_055,HGB_1_063_054
HGB_1_063_094,HGB_1_063_093
HGB_1_063_095,HGB_1_063_093
HGB_1_063_096,HGB_1_063_094
HGB_1_063_096,HGB_1_063_095
HGB_1_063_098,HGB_1_063_097
HGB_1_063_096,HGB_1_063_098
HGB_1_063_108,HGB_1_063_107
HGB_1_063_114,HGB_1_063_115
HGB_1_066_038,HGB_1_066_036
HGB_1_066_038,HGB_1_066_035
HGB_1_066_038,HGB_1_066_037
HGB_1_074_018,HGB_1_074_015
HGB_1_074_079,HGB_1_074_082
HGB_1_074_019,HGB_1_074_015
HGB_1_074_080,HGB_1_074_079
HGB_1_074_081,HGB_1_074_079
HGB_1_074_083,HGB_1_074_082
HGB_1_074_096,HGB_1_074_094
HGB_1_074_097,HGB_1_074_096
HGB_1_074_095,HGB_1_074_099
HGB_1_074_098,HGB_1_074_096
HGB_1_078_046,HGB_1_078_045
HGB_1_078_046,HGB_1_078_047
HGB_1_078_048,HGB_1_078_047
HGB_1_086_030,HGB_1_086_031
HGB_1_091_054,HGB_1_091_052
HGB_1_091_057,HGB_1_091_058
HGB_1_091_059,HGB_1_091_058
HGB_1_091_059,HGB_1_091_060
HGB_1_091_060,HGB_1_091_058
HGB_1_091_061,HGB_1_091_060
HGB_1_091_092,HGB_1_091_093
HGB_1_091_094,HGB_1_091_093
HGB_1_091_095,HGB_1_091_094
HGB_1_091_096,HGB_1_091_094
HGB_1_091_140,HGB_1_091_138
HGB_1_103_037,HGB_1_103_036
HGB_1_103_038,HGB_1_103_036
HGB_1_103_053,HGB_1_103_054
HGB_1_103_055,HGB_1_103_054
HGB_1_103_057,HGB_1_103_058
HGB_1_103_059,HGB_1_103_058
HGB_1_106_008,HGB_1_106_009
HGB_1_117_027,HGB_1_117_028
HGB_1_117_029,HGB_1_117_028
HGB_1_118_010,HGB_1_118_009
HGB_1_118_010,HGB_1_118_011
HGB_1_122_063,HGB_1_122_060
HGB_1_122_062,HGB_1_122_060
HGB_1_133_018,HGB_1_133_019
HGB_1_133_020,HGB_1_133_019
HGB_1_133_036,HGB_1_133_035
HGB_1_133_036,HGB_1_133_037
HGB_1_135_020,HGB_1_135_019
HGB_1_136_022,HGB_1_136_024
HGB_1_136_023,HGB_1_136_025
HGB_1_137_021,HGB_1_137_020
HGB_1_137_022,HGB_1_137_020
HGB_1_137_025,HGB_1_137_024
HGB_1_137_026,HGB_1_137_024
HGB_1_137_030,HGB_1_137_027
HGB_1_137_029,HGB_1_137_027
HGB_1_137_042,HGB_1_137_041
HGB_1_137_044,HGB_1_137_041
HGB_1_137_043,HGB_1_137_041
HGB_1_150_019,HGB_1_150_018
HGB_1_150_020,HGB_1_150_018
HGB_1_151_009,HGB_1_151_008
HGB_1_151_009,HGB_1_229_026
HGB_1_154_019,HGB_1_154_018
HGB_1_154_019,HGB_1_154_020
HGB_1_154_067,HGB_1_154_065
HGB_1_154_078,HGB_1_154_075
HGB_1_154_080,HGB_1_154_081
HGB_1_155_013,HGB_1_155_012
HGB_1_155_013,HGB_1_155_014
HGB_1_155_049,HGB_1_155_045
HGB_1_155_047,HGB_1_155_045
HGB_1_155_048,HGB_1_155_049
HGB_1_155_053,HGB_1_155_048
HGB_1_155_052,HGB_1_155_048
HGB_1_155_051,HGB_1_155_048
HGB_1_155_050,HGB_1_155_048
HGB_1_159_065,HGB_1_159_064
HGB_1_159_065,HGB_1_159_066
HGB_1_159_080,HGB_1_159_081
HGB_1_159_118,HGB_1_159_117
HGB_1_161_045,HGB_1_161_046
HGB_1_168_069,HGB_1_168_068
HGB_1_168_070,HGB_1_168_068
HGB_1_168_073,HGB_1_168_072
HGB_1_168_073,HGB_1_168_074
HGB_1_168_073,HGB_1_168_076
HGB_1_168_073,HGB_1_168_075
HGB_1_170_011,HGB_1_170_046
HGB_1_170_033,HGB_1_170_032
HGB_1_173_017,HGB_1_173_016
HGB_1_173_018,HGB_1_173_016
HGB_1_177_027,HGB_1_177_026
HGB_1_177_029,HGB_1_177_026
HGB_1_181_021,HGB_1_181_019
HGB_1_190_009,HGB_1_190_011
HGB_1_190_010,HGB_1_190_011
HGB_1_194_014,HGB_1_194_013
HGB_1_194_014,HGB_1_194_015
HGB_1_194_019,HGB_1_194_018
HGB_1_194_020,HGB_1_194_018
HGB_1_194_109,HGB_1_194_108
HGB_1_194_109,HGB_1_194_110
HGB_1_197_027,HGB_1_197_026
HGB_1_197_028,HGB_1_197_026
HGB_1_197_033,HGB_1_197_032
HGB_1_199_009,HGB_1_199_010
HGB_1_199_011,HGB_1_199_010
HGB_1_199_012,HGB_1_199_010
HGB_1_201_010,HGB_1_201_009
HGB_1_201_011,HGB_1_201_009
HGB_1_201_013,HGB_1_201_009
HGB_1_203_028,HGB_1_203_027
HGB_1_204_045,HGB_1_204_042
HGB_1_204_045,HGB_1_204_046
HGB_1_204_045,HGB_1_204_050
HGB_1_204_055,HGB_1_204_054
HGB_1_204_055,HGB_1_204_056
HGB_1_204_055,HGB_1_204_057
HGB_1_216_035,HGB_1_216_036
HGB_1_216_039,HGB_1_216_038
HGB_1_216_039,HGB_1_216_040
HGB_1_216_039,HGB_1_216_041
HGB_1_218_029,HGB_1_218_028
HGB_1_218_029,HGB_1_218_030
HGB_1_051_020,HGB_1_051_019
HGB_1_051_020,HGB_1_051_021
HGB_1_079_012,HGB_1_079_011
HGB_1_079_012,HGB_1_224_007
HGB_1_214_013,HGB_1_214_012
HGB_1_159_083,HGB_1_117_010
HGB_1_159_083,HGB_1_159_082
HGB_1_168_022,HGB_1_168_021
HGB_1_194_100,HGB_1_137_085
HGB_1_194_100,HGB_1_194_099
HGB_1_214_047,HGB_1_214_046
HGB_1_215_087,HGB_1_215_086
HGB_1_214_029,HGB_1_214_028
HGB_1_214_030,HGB_1_214_028
HGB_1_201_012,HGB_1_201_011
HGB_1_190_008,HGB_1_190_009
HGB_1_190_008,HGB_1_190_007
HGB_1_182_018,HGB_1_182_015
HGB_1_182_017,HGB_1_182_014
HGB_1_182_014,HGB_1_182_015
HGB_1_182_013,HGB_1_182_014
HGB_1_168_067,HGB_1_168_069
HGB_1_155_046,HGB_1_155_049
HGB_1_136_023,HGB_1_136_022
HGB_1_091_051,HGB_1_091_048
HGB_1_091_049,HGB_1_091_048
HGB_1_005_022,HGB_1_005_024
HGB_1_005_022,HGB_1_005_020
HGB_1_168_074,HGB_1_096_023
HGB_1_096_023,HGB_1_168_076
HGB_1_096_021,HGB_1_168_075
HGB_1_120_041,HGB_1_120_040
HGB_1_120_042,HGB_1_120_040
HGB_1_131_016,HGB_1_010_085
HGB_1_010_083,HGB_1_131_015
HGB_1_085_032,HGB_1_122_031
HGB_1_058_097,HGB_1_058_095
HGB_1_058_094,HGB_1_058_095
HGB_1_066_071,HGB_1_066_072
HGB_1_066_071,HGB_1_066_070
HGB_1_159_024,HGB_1_159_023
HGB_1_159_025,HGB_1_159_023
HGB_1_002_033,HGB_1_002_034
HGB_1_002_035,HGB_1_002_034
HGB_1_002_060,HGB_1_002_055
HGB_1_002_058,HGB_1_002_055
HGB_1_010_103,HGB_1_010_102
HGB_1_010_104,HGB_1_010_102
HGB_1_024_102,HGB_1_024_101
HGB_1_058_160,HGB_1_058_157
HGB_1_024_103,HGB_1_024_101
HGB_1_024_038,HGB_1_024_037
HGB_1_024_056,HGB_1_024_052
HGB_1_024_055,HGB_1_024_052
HGB_1_024_039,HGB_1_024_037
HGB_1_024_079,HGB_1_024_078
HGB_1_050_060,HGB_1_050_059
HGB_1_058_132,HGB_1_058_128
HGB_1_050_061,HGB_1_050_059
HGB_1_058_184,HGB_1_058_183
HGB_1_058_185,HGB_1_058_183
HGB_1_062_017,HGB_1_062_016
HGB_1_063_047,HGB_1_063_043
HGB_1_063_046,HGB_1_063_043
HGB_1_062_018,HGB_1_062_016
HGB_1_074_029,HGB_1_074_027
HGB_1_074_030,HGB_1_074_029
HGB_1_078_030,HGB_1_078_031
HGB_1_078_032,HGB_1_078_031
HGB_1_078_054,HGB_1_078_055
HGB_1_078_057,HGB_1_078_055
HGB_1_079_026,HGB_1_079_025
HGB_1_079_027,HGB_1_079_025
HGB_1_079_034,HGB_1_079_033
HGB_1_079_043,HGB_1_079_044
HGB_1_085_036,HGB_1_085_031
HGB_1_091_043,HGB_1_091_040
HGB_1_091_042,HGB_1_091_040
HGB_1_091_065,HGB_1_091_064
HGB_1_091_066,HGB_1_091_064
HGB_1_091_069,HGB_1_091_071
HGB_1_091_072,HGB_1_091_071
HGB_1_091_073,HGB_1_091_076
HGB_1_091_076,HGB_1_091_072
HGB_1_091_075,HGB_1_091_076
HGB_1_091_078,HGB_1_091_080
HGB_1_091_165,HGB_1_091_164
HGB_1_092_011,HGB_1_092_012
HGB_1_092_013,HGB_1_092_012
HGB_1_092_016,HGB_1_092_015
HGB_1_092_018,HGB_1_092_017
HGB_1_093_011,HGB_1_093_010
HGB_1_093_011,HGB_1_093_013
HGB_1_096_009,HGB_1_096_011
HGB_1_093_016,HGB_1_093_019
HGB_1_093_015,HGB_1_093_019
HGB_1_093_014,HGB_1_093_019
HGB_1_096_010,HGB_1_096_011
HGB_1_096_012,HGB_1_096_011
HGB_1_113_030,HGB_1_113_031
HGB_1_113_030,HGB_1_113_033
HGB_1_113_058,HGB_1_113_057
HGB_1_113_058,HGB_1_113_060
HGB_1_116_041,HGB_1_116_039
HGB_1_122_025,HGB_1_122_024
HGB_1_122_027,HGB_1_122_024
HGB_1_122_043,HGB_1_122_042
HGB_1_133_015,HGB_1_133_009
HGB_1_133_014,HGB_1_133_009
HGB_1_122_051,HGB_1_122_045
HGB_1_137_048,HGB_1_137_047
HGB_1_137_048,HGB_1_137_050
HGB_1_137_049,HGB_1_137_048
HGB_1_137_078,HGB_1_137_077
HGB_1_137_080,HGB_1_137_077
HGB_1_137_079,HGB_1_137_077
HGB_1_147_017,HGB_1_147_018
HGB_1_147_028,HGB_1_147_027
HGB_1_147_062,HGB_1_147_059
HGB_1_147_062,HGB_1_147_063
HGB_1_147_062,HGB_1_147_066
HGB_1_147_062,HGB_1_147_065
HGB_1_147_062,HGB_1_147_064
HGB_1_148_030,HGB_1_148_029
HGB_1_148_031,HGB_1_148_029
HGB_1_154_051,HGB_1_154_050
HGB_1_154_051,HGB_1_154_052
HGB_1_155_023,HGB_1_155_026
HGB_1_155_028,HGB_1_155_026
HGB_1_155_042,HGB_1_155_041
HGB_1_159_061,HGB_1_159_060
HGB_1_160_018,HGB_1_160_020
HGB_1_161_037,HGB_1_161_036
HGB_1_161_041,HGB_1_161_036
HGB_1_161_038,HGB_1_161_036
HGB_1_168_012,HGB_1_168_013
HGB_1_168_012,HGB_1_168_014
HGB_1_168_027,HGB_1_168_026
HGB_1_168_042,HGB_1_168_046
HGB_1_168_044,HGB_1_168_042
HGB_1_168_045,HGB_1_168_042
HGB_1_168_047,HGB_1_168_046
HGB_1_168_051,HGB_1_168_047
HGB_1_168_050,HGB_1_168_047
HGB_1_168_054,HGB_1_168_055
HGB_1_168_057,HGB_1_168_054
HGB_1_168_054,HGB_1_168_056
HGB_1_170_017,HGB_1_170_018
HGB_1_170_051,HGB_1_170_047
HGB_1_170_049,HGB_1_170_047
HGB_1_172_009,HGB_1_172_010
HGB_1_172_021,HGB_1_172_020
HGB_1_172_023,HGB_1_172_020
HGB_1_177_012,HGB_1_177_011
HGB_1_177_014,HGB_1_177_011
HGB_1_182_008,HGB_1_182_010
HGB_1_182_011,HGB_1_182_010
HGB_1_189_013,HGB_1_189_012
HGB_1_189_026,HGB_1_189_029
HGB_1_189_014,HGB_1_189_012
HGB_1_189_027,HGB_1_189_026
HGB_1_189_028,HGB_1_189_026
HGB_1_189_032,HGB_1_189_031
HGB_1_189_056,HGB_1_189_057
HGB_1_194_043,HGB_1_194_044
HGB_1_194_043,HGB_1_194_045
HGB_1_197_020,HGB_1_197_017
HGB_1_197_019,HGB_1_197_017
HGB_1_204_038,HGB_1_204_035
HGB_1_204_023,HGB_1_204_020
HGB_1_204_022,HGB_1_204_020
HGB_1_204_039,HGB_1_204_035
HGB_1_217_018,HGB_1_217_022
HGB_1_218_015,HGB_1_218_014
HGB_1_218_016,HGB_1_218_014
HGB_1_224_009,HGB_1_224_008
HGB_1_225_014,HGB_1_225_013
HGB_1_225_015,HGB_1_225_013
HGB_1_225_020,HGB_1_225_019
HGB_1_227_030,HGB_1_227_029
HGB_1_227_061,HGB_1_227_062
HGB_1_227_079,HGB_1_227_078
HGB_1_229_015,HGB_1_229_014
HGB_1_229_015,HGB_1_229_017
HGB_1_058_161,HGB_1_058_157
HGB_1_113_059,HGB_1_113_062
HGB_1_113_060,HGB_1_113_062
HGB_1_078_055,HGB_1_078_056
HGB_1_078_055,HGB_1_078_053
HGB_1_229_045,HGB_1_229_044
HGB_1_229_042,HGB_1_229_044
HGB_1_229_016,HGB_1_229_018
HGB_1_229_016,HGB_1_229_015
HGB_1_227_031,HGB_1_227_030
HGB_1_225_068,HGB_1_225_067
HGB_1_225_068,HGB_1_225_069
HGB_1_225_015,HGB_1_225_016
HGB_1_225_016,HGB_1_225_014
HGB_1_222_017,HGB_1_222_018
HGB_1_222_018,HGB_1_222_019
HGB_1_222_018,HGB_1_222_016
HGB_1_146_058,HGB_1_146_056
HGB_1_227_064,HGB_1_227_065
HGB_1_145_032,HGB_1_145_031
HGB_1_227_064,HGB_1_227_063
HGB_1_145_032,HGB_1_227_064
HGB_1_225_066,HGB_1_225_068
HGB_1_225_066,HGB_1_225_065
HGB_1_225_021,HGB_1_225_019
HGB_1_222_020,HGB_1_222_018
HGB_1_218_019,HGB_1_218_016
HGB_1_218_019,HGB_1_218_017
HGB_1_216_027,HGB_1_216_026
HGB_1_216_027,HGB_1_216_028
HGB_1_215_049,HGB_1_215_051
HGB_1_215_048,HGB_1_215_047
HGB_1_215_045,HGB_1_215_042
HGB_1_215_043,HGB_1_215_042
HGB_1_204_021,HGB_1_204_023
HGB_1_204_021,HGB_1_204_022
HGB_1_197_055,HGB_1_197_057
HGB_1_197_018,HGB_1_197_020
HGB_1_190_014,HGB_1_190_016
HGB_1_190_017,HGB_1_190_016
HGB_1_189_065,HGB_1_189_064
HGB_1_189_063,HGB_1_189_064
HGB_1_189_059,HGB_1_189_057
HGB_1_197_038,HGB_1_197_035
HGB_1_197_037,HGB_1_197_036
HGB_1_197_037,HGB_1_189_052
HGB_1_197_036,HGB_1_197_035
HGB_1_189_033,HGB_1_189_032
HGB_1_189_030,HGB_1_189_032
HGB_1_189_023,HGB_1_189_024
HGB_1_184_051,HGB_1_184_050
HGB_1_184_051,HGB_1_184_049
HGB_1_184_050,HGB_1_184_048
HGB_1_184_049,HGB_1_184_048
HGB_1_224_009,HGB_1_183_020
HGB_1_182_010,HGB_1_182_012
HGB_1_182_010,HGB_1_182_009
HGB_1_181_022,HGB_1_181_024
HGB_1_181_022,HGB_1_181_023
HGB_1_177_013,HGB_1_177_014
HGB_1_172_024,HGB_1_172_023
HGB_1_172_022,HGB_1_172_023
HGB_1_170_061,HGB_1_170_059
HGB_1_170_057,HGB_1_170_060
HGB_1_170_059,HGB_1_170_060
HGB_1_170_058,HGB_1_170_059
HGB_1_170_050,HGB_1_170_049
HGB_1_170_048,HGB_1_170_049
HGB_1_170_017,HGB_1_170_016
HGB_1_168_049,HGB_1_168_050
HGB_1_168_030,HGB_1_168_032
HGB_1_168_029,HGB_1_168_032
HGB_1_168_033,HGB_1_168_032
HGB_1_168_032,HGB_1_168_031
HGB_1_168_032,HGB_1_168_026
HGB_1_161_040,HGB_1_161_041
HGB_1_161_039,HGB_1_161_041
HGB_1_161_040,HGB_1_161_039
HGB_1_161_021,HGB_1_161_022
HGB_1_178_016,HGB_1_178_020
HGB_1_178_017,HGB_1_178_019
HGB_1_178_016,HGB_1_178_017
HGB_1_178_017,HGB_1_178_014
HGB_1_178_014,HGB_1_178_018
HGB_1_178_014,HGB_1_178_013
HGB_1_178_017,HGB_1_178_013
HGB_1_159_051,HGB_1_159_061
HGB_1_159_057,HGB_1_159_060
HGB_1_159_051,HGB_1_159_059
HGB_1_159_059,HGB_1_159_057
HGB_1_159_058,HGB_1_159_057
HGB_1_159_050,HGB_1_159_054
HGB_1_159_050,HGB_1_159_052
HGB_1_159_052,HGB_1_159_051
HGB_1_159_035,HGB_1_159_036
HGB_1_159_034,HGB_1_159_036
HGB_1_154_095,HGB_1_154_096
HGB_1_154_094,HGB_1_154_096
HGB_1_154_032,HGB_1_154_033
HGB_1_154_031,HGB_1_154_033
HGB_1_154_029,HGB_1_154_030
HGB_1_154_028,HGB_1_154_030
HGB_1_154_027,HGB_1_154_030
HGB_1_155_032,HGB_1_155_037
HGB_1_155_037,HGB_1_155_031
HGB_1_153_019,HGB_1_153_021
HGB_1_153_019,HGB_1_153_020
HGB_1_153_019,HGB_1_153_017
HGB_1_153_009,HGB_1_153_010
HGB_1_155_042,HGB_1_153_009
HGB_1_153_009,HGB_1_153_008
HGB_1_217_024,HGB_1_217_023
HGB_1_149_011,HGB_1_217_023
HGB_1_217_021,HGB_1_217_022
HGB_1_147_057,HGB_1_147_067
HGB_1_147_065,HGB_1_147_057
HGB_1_147_064,HGB_1_147_057
HGB_1_147_063,HGB_1_147_057
HGB_1_147_057,HGB_1_147_061
HGB_1_147_057,HGB_1_147_060
HGB_1_147_029,HGB_1_147_027
HGB_1_147_026,HGB_1_147_024
HGB_1_147_025,HGB_1_147_024
HGB_1_147_024,HGB_1_147_023
HGB_1_147_022,HGB_1_147_023
HGB_1_147_020,HGB_1_147_018
HGB_1_147_019,HGB_1_147_018
HGB_1_190_028,HGB_1_190_025
HGB_1_190_027,HGB_1_190_025
HGB_1_146_040,HGB_1_199_025
HGB_1_146_041,HGB_1_146_044
HGB_1_146_041,HGB_1_146_042
HGB_1_146_040,HGB_1_146_041
HGB_1_146_041,HGB_1_146_039
HGB_1_172_010,HGB_1_172_008
HGB_1_137_075,HGB_1_172_007
HGB_1_137_075,HGB_1_137_074
HGB_1_137_059,HGB_1_137_060
HGB_1_137_057,HGB_1_137_059
HGB_1_137_057,HGB_1_137_058
HGB_1_137_058,HGB_1_137_056
HGB_1_194_094,HGB_1_194_095
HGB_1_194_094,HGB_1_194_092
HGB_1_194_094,HGB_1_137_051
HGB_1_194_094,HGB_1_137_049
HGB_1_136_011,HGB_1_136_009
HGB_1_136_012,HGB_1_136_009
HGB_1_136_014,HGB_1_136_015
HGB_1_136_014,HGB_1_136_016
HGB_1_136_019,HGB_1_136_018
HGB_1_136_019,HGB_1_136_020
HGB_1_136_018,HGB_1_136_017
HGB_1_136_017,HGB_1_063_082
HGB_1_136_016,HGB_1_136_017
HGB_1_136_015,HGB_1_136_017
HGB_1_136_013,HGB_1_136_012
HGB_1_136_012,HGB_1_136_016
HGB_1_135_028,HGB_1_135_029
HGB_1_135_028,HGB_1_135_026
HGB_1_133_011,HGB_1_133_014
HGB_1_133_012,HGB_1_133_014
HGB_1_122_049,HGB_1_122_051
HGB_1_122_050,HGB_1_122_051
HGB_1_122_026,HGB_1_122_044
HGB_1_122_026,HGB_1_122_027
HGB_1_122_019,HGB_1_122_012
HGB_1_122_018,HGB_1_122_019
HGB_1_122_017,HGB_1_122_012
HGB_1_116_039,HGB_1_116_037
HGB_1_116_036,HGB_1_116_037
HGB_1_116_037,HGB_1_116_034
HGB_1_116_033,HGB_1_116_034
HGB_1_116_030,HGB_1_116_027
HGB_1_116_027,HGB_1_116_029
HGB_1_116_026,HGB_1_116_027
HGB_1_116_015,HGB_1_116_012
HGB_1_116_014,HGB_1_116_007
HGB_1_116_011,HGB_1_116_012
HGB_1_116_012,HGB_1_116_007
HGB_1_113_068,HGB_1_116_021
HGB_1_113_068,HGB_1_113_069
HGB_1_113_068,HGB_1_113_066
HGB_1_113_068,HGB_1_113_064
HGB_1_113_039,HGB_1_113_036
HGB_1_113_038,HGB_1_113_036
HGB_1_104_027,HGB_1_104_024
HGB_1_104_026,HGB_1_104_024
HGB_1_096_028,HGB_1_093_019
HGB_1_096_027,HGB_1_093_019
HGB_1_096_025,HGB_1_093_019
HGB_1_096_024,HGB_1_093_019
HGB_1_095_016,HGB_1_095_018
HGB_1_095_016,HGB_1_095_017
HGB_1_095_011,HGB_1_095_013
HGB_1_095_011,HGB_1_095_012
HGB_1_093_017,HGB_1_093_019
HGB_1_093_012,HGB_1_093_014
HGB_1_092_017,HGB_1_092_016
HGB_1_092_014,HGB_1_092_016
HGB_1_092_012,HGB_1_092_007
HGB_1_092_010,HGB_1_092_008
HGB_1_092_009,HGB_1_092_008
HGB_1_092_008,HGB_1_092_007
HGB_1_091_165,HGB_1_091_163
HGB_1_091_164,HGB_1_091_166
HGB_1_091_164,HGB_1_091_162
HGB_1_091_163,HGB_1_091_162
HGB_1_091_163,HGB_1_091_166
HGB_1_091_134,HGB_1_091_137
HGB_1_091_134,HGB_1_091_135
HGB_1_091_121,HGB_1_091_120
HGB_1_091_121,HGB_1_091_122
HGB_1_091_074,HGB_1_091_075
HGB_1_091_085,HGB_1_091_080
HGB_1_091_084,HGB_1_091_083
HGB_1_091_082,HGB_1_091_081
HGB_1_184_054,HGB_1_184_056
HGB_1_184_056,HGB_1_184_055
HGB_1_184_056,HGB_1_086_008
HGB_1_184_054,HGB_1_086_013
HGB_1_184_054,HGB_1_086_009
HGB_1_184_054,HGB_1_184_053
HGB_1_184_054,HGB_1_086_012
HGB_1_086_012,HGB_1_086_010
HGB_1_086_011,HGB_1_086_010
HGB_1_086_010,HGB_1_184_057
HGB_1_086_009,HGB_1_184_055
HGB_1_085_042,HGB_1_085_032
HGB_1_085_041,HGB_1_085_032
HGB_1_085_038,HGB_1_085_036
HGB_1_085_037,HGB_1_085_036
HGB_1_085_033,HGB_1_085_031
HGB_1_082_010,HGB_1_082_011
HGB_1_082_010,HGB_1_082_008
HGB_1_079_023,HGB_1_079_021
HGB_1_079_022,HGB_1_079_021
HGB_1_078_072,HGB_1_078_071
HGB_1_078_033,HGB_1_078_031
HGB_1_079_041,HGB_1_078_025
HGB_1_078_026,HGB_1_078_027
HGB_1_074_072,HGB_1_074_058
HGB_1_074_070,HGB_1_074_069
HGB_1_074_068,HGB_1_074_069
HGB_1_074_059,HGB_1_074_067
HGB_1_074_062,HGB_1_074_067
HGB_1_074_067,HGB_1_074_057
HGB_1_074_066,HGB_1_074_065
HGB_1_074_066,HGB_1_074_063
HGB_1_074_065,HGB_1_074_070
HGB_1_074_064,HGB_1_074_070
HGB_1_074_063,HGB_1_074_070
HGB_1_074_066,HGB_1_074_061
HGB_1_074_061,HGB_1_074_056
HGB_1_074_066,HGB_1_074_060
HGB_1_074_060,HGB_1_074_056
HGB_1_074_056,HGB_1_074_058
HGB_1_074_045,HGB_1_074_057
HGB_1_074_055,HGB_1_074_045
HGB_1_074_053,HGB_1_074_045
HGB_1_074_052,HGB_1_074_045
HGB_1_074_051,HGB_1_074_045
HGB_1_074_050,HGB_1_074_045
HGB_1_074_046,HGB_1_074_049
HGB_1_074_048,HGB_1_074_049
HGB_1_074_047,HGB_1_074_049
HGB_1_074_049,HGB_1_074_045
HGB_1_074_040,HGB_1_074_041
HGB_1_074_037,HGB_1_074_040
HGB_1_074_040,HGB_1_074_036
HGB_1_074_039,HGB_1_074_035
HGB_1_074_035,HGB_1_074_037
HGB_1_074_026,HGB_1_074_027
HGB_1_074_021,HGB_1_074_024
HGB_1_074_023,HGB_1_074_021
HGB_1_074_022,HGB_1_074_021
HGB_1_074_013,HGB_1_150_031
HGB_1_074_011,HGB_1_074_012
HGB_1_074_012,HGB_1_150_031
HGB_1_150_032,HGB_1_074_011
HGB_1_066_071,HGB_1_154_058
HGB_1_066_046,HGB_1_159_022
HGB_1_066_046,HGB_1_066_051
HGB_1_066_046,HGB_1_066_050
HGB_1_066_046,HGB_1_066_049
HGB_1_066_046,HGB_1_066_048
HGB_1_066_046,HGB_1_066_047
HGB_1_066_046,HGB_1_066_045
HGB_1_066_018,HGB_1_066_014
HGB_1_066_017,HGB_1_066_014
HGB_1_066_016,HGB_1_066_014
HGB_1_066_015,HGB_1_066_014
HGB_1_066_054,HGB_1_066_056
HGB_1_066_055,HGB_1_066_056
HGB_1_063_045,HGB_1_063_046
HGB_1_063_027,HGB_1_058_128
HGB_1_063_026,HGB_1_058_128
HGB_1_078_018,HGB_1_078_015
HGB_1_078_017,HGB_1_078_015
HGB_1_078_016,HGB_1_078_015
HGB_1_062_031,HGB_1_062_030
HGB_1_062_015,HGB_1_062_013
HGB_1_062_014,HGB_1_062_013
HGB_1_062_007,HGB_1_062_013
HGB_1_062_009,HGB_1_062_010
HGB_1_062_008,HGB_1_062_007
HGB_1_062_010,HGB_1_062_007
HGB_1_058_179,HGB_1_218_011
HGB_1_058_179,HGB_1_218_010
HGB_1_058_179,HGB_1_218_008
HGB_1_058_179,HGB_1_058_181
HGB_1_058_181,HGB_1_058_178
HGB_1_058_179,HGB_1_058_180
HGB_1_058_180,HGB_1_058_178
HGB_1_058_138,HGB_1_058_136
HGB_1_058_137,HGB_1_058_136
HGB_1_058_135,HGB_1_058_136
HGB_1_058_130,HGB_1_058_132
HGB_1_058_131,HGB_1_058_132
HGB_1_051_045,HGB_1_051_044
HGB_1_051_042,HGB_1_051_044
HGB_1_051_041,HGB_1_051_044
HGB_1_051_043,HGB_1_051_044
HGB_1_051_040,HGB_1_051_044
HGB_1_051_024,HGB_1_051_023
HGB_1_051_025,HGB_1_051_023
HGB_1_050_034,HGB_1_181_012
HGB_1_181_012,HGB_1_181_011
HGB_1_050_036,HGB_1_050_034
HGB_1_050_036,HGB_1_050_037
HGB_1_050_034,HGB_1_050_035
HGB_1_050_035,HGB_1_050_033
HGB_1_050_035,HGB_1_181_011
HGB_1_044_008,HGB_1_154_013
HGB_1_181_029,HGB_1_181_035
HGB_1_181_029,HGB_1_181_030
HGB_1_181_030,HGB_1_181_026
HGB_1_028_056,HGB_1_028_055
HGB_1_028_056,HGB_1_028_054
HGB_1_028_054,HGB_1_028_051
HGB_1_028_052,HGB_1_028_053
HGB_1_028_053,HGB_1_028_051
HGB_1_028_052,HGB_1_028_051
HGB_1_028_050,HGB_1_028_051
HGB_1_028_030,HGB_1_028_028
HGB_1_028_029,HGB_1_028_028
HGB_1_024_097,HGB_1_024_095
HGB_1_024_096,HGB_1_024_095
HGB_1_024_094,HGB_1_024_080
HGB_1_024_093,HGB_1_024_080
HGB_1_024_092,HGB_1_024_080
HGB_1_024_091,HGB_1_024_080
HGB_1_024_118,HGB_1_024_120
HGB_1_024_118,HGB_1_024_119
HGB_1_024_118,HGB_1_024_073
HGB_1_024_118,HGB_1_024_074
HGB_1_024_118,HGB_1_024_111
HGB_1_024_053,HGB_1_024_055
HGB_1_024_054,HGB_1_024_055
HGB_1_024_034,HGB_1_024_035
HGB_1_024_031,HGB_1_024_028
HGB_1_024_079,HGB_1_218_018
HGB_1_018_016,HGB_1_018_015
HGB_1_014_037,HGB_1_014_036
HGB_1_014_038,HGB_1_014_036
HGB_1_014_040,HGB_1_014_036
HGB_1_014_013,HGB_1_014_022
HGB_1_014_021,HGB_1_014_022
HGB_1_014_018,HGB_1_014_013
HGB_1_014_008,HGB_1_014_013
HGB_1_184_047,HGB_1_013_014
HGB_1_184_044,HGB_1_184_045
HGB_1_010_106,HGB_1_010_105
HGB_1_010_107,HGB_1_010_105
HGB_1_010_098,HGB_1_010_099
HGB_1_010_099,HGB_1_010_097
HGB_1_010_096,HGB_1_010_097
HGB_1_010_095,HGB_1_010_096
HGB_1_010_092,HGB_1_010_093
HGB_1_010_092,HGB_1_010_091
HGB_1_010_087,HGB_1_010_090
HGB_1_010_087,HGB_1_010_088
HGB_1_010_044,HGB_1_010_046
HGB_1_010_043,HGB_1_010_046
HGB_1_010_041,HGB_1_010_045
HGB_1_010_042,HGB_1_010_045
HGB_1_008_059,HGB_1_008_058
HGB_1_008_036,HGB_1_008_035
HGB_1_008_069,HGB_1_008_067
HGB_1_008_068,HGB_1_008_066
HGB_1_008_066,HGB_1_008_067
HGB_1_002_061,HGB_1_002_060
HGB_1_002_059,HGB_1_002_060
HGB_1_002_042,HGB_1_002_044
HGB_1_002_042,HGB_1_002_041
HGB_1_002_031,HGB_1_002_033
HGB_1_002_032,HGB_1_002_033
HGB_1_002_030,HGB_1_002_031
HGB_1_229_041,HGB_1_024_013
HGB_1_169_007,HGB_1_229_019
HGB_1_229_021,HGB_1_229_019
HGB_1_225_034,HGB_1_225_033
HGB_1_225_034,HGB_1_225_035
HGB_1_225_032,HGB_1_225_034
HGB_1_222_012,HGB_1_222_011
HGB_1_222_013,HGB_1_222_011
HGB_1_222_014,HGB_1_222_011
HGB_1_215_049,HGB_1_215_050
HGB_1_215_048,HGB_1_215_049
HGB_1_214_066,HGB_1_214_067
HGB_1_214_068,HGB_1_214_067
HGB_1_214_060,HGB_1_214_061
HGB_1_214_060,HGB_1_214_062
HGB_1_214_055,HGB_1_214_057
HGB_1_214_055,HGB_1_214_054
HGB_1_204_032,HGB_1_204_034
HGB_1_001_027,HGB_1_001_028
HGB_1_002_021,HGB_1_002_022
HGB_1_002_055,HGB_1_002_056
HGB_1_002_055,HGB_1_002_057
HGB_1_002_056,HGB_1_002_055
HGB_1_002_057,HGB_1_002_055
HGB_1_002_064,HGB_1_002_063
HGB_1_002_094,HGB_1_002_097
HGB_1_002_094,HGB_1_002_098
HGB_1_002_094,HGB_1_002_099
HGB_1_002_097,HGB_1_002_094
HGB_1_002_098,HGB_1_002_094
HGB_1_002_099,HGB_1_002_094
HGB_1_002_114,HGB_1_002_111
HGB_1_002_114,HGB_1_002_113
HGB_1_002_117,HGB_1_002_118
HGB_1_002_118,HGB_1_002_117
HGB_1_002_118,HGB_1_002_119
HGB_1_002_119,HGB_1_002_118
HGB_1_005_014,HGB_1_002_022
HGB_1_005_026,HGB_1_005_025
HGB_1_005_028,HGB_1_005_026
HGB_1_005_028,HGB_1_005_029
HGB_1_006_005,HGB_1_008_067
HGB_1_006_010,HGB_1_006_012
HGB_1_006_012,HGB_1_006_010
HGB_1_008_019,HGB_1_008_021
HGB_1_008_019,HGB_1_008_022
HGB_1_008_021,HGB_1_008_019
HGB_1_008_022,HGB_1_008_019
HGB_1_008_024,HGB_1_008_025
HGB_1_008_025,HGB_1_008_024
HGB_1_008_025,HGB_1_008_030
HGB_1_008_030,HGB_1_008_025
HGB_1_008_031,HGB_1_008_032
HGB_1_008_032,HGB_1_008_031
HGB_1_008_037,HGB_1_008_035
HGB_1_008_037,HGB_1_008_038
HGB_1_008_038,HGB_1_008_035
HGB_1_008_038,HGB_1_008_037
HGB_1_010_033,HGB_1_010_034
HGB_1_010_034,HGB_1_010_033
HGB_1_010_034,HGB_1_010_035
HGB_1_010_035,HGB_1_010_034
HGB_1_010_045,HGB_1_010_040
HGB_1_010_046,HGB_1_010_040
HGB_1_010_056,HGB_1_010_057
HGB_1_010_057,HGB_1_010_056
HGB_1_010_063,HGB_1_010_064
HGB_1_010_063,HGB_1_010_065
HGB_1_010_064,HGB_1_010_063
HGB_1_010_065,HGB_1_010_063
HGB_1_010_084,HGB_1_131_017
HGB_1_010_090,HGB_1_010_089
HGB_1_010_090,HGB_1_010_095
HGB_1_010_090,HGB_1_010_098
HGB_1_014_009,HGB_1_014_008
HGB_1_014_011,HGB_1_014_008
HGB_1_014_012,HGB_1_014_008
HGB_1_014_015,HGB_1_014_017
HGB_1_014_016,HGB_1_014_017
HGB_1_014_017,HGB_1_014_015
HGB_1_014_017,HGB_1_014_016
HGB_1_014_023,HGB_1_014_024
HGB_1_014_023,HGB_1_014_025
HGB_1_014_024,HGB_1_014_023
HGB_1_014_025,HGB_1_014_023
HGB_1_014_033,HGB_1_014_032
HGB_1_014_033,HGB_1_014_034
HGB_1_014_039,HGB_1_014_036
HGB_1_014_041,HGB_1_014_036
HGB_1_018_019,HGB_1_018_018
HGB_1_018_020,HGB_1_018_018
HGB_1_018_030,HGB_1_018_031
HGB_1_018_030,HGB_1_018_032
HGB_1_018_031,HGB_1_018_030
HGB_1_018_032,HGB_1_018_030
HGB_1_024_024,HGB_1_024_026
HGB_1_024_025,HGB_1_024_026
HGB_1_024_029,HGB_1_024_028
HGB_1_024_030,HGB_1_024_028
HGB_1_024_030,HGB_1_024_032
HGB_1_024_032,HGB_1_024_028
HGB_1_024_032,HGB_1_024_030
HGB_1_024_032,HGB_1_024_033
HGB_1_024_033,HGB_1_024_028
HGB_1_024_033,HGB_1_024_032
HGB_1_024_035,HGB_1_024_028
HGB_1_024_035,HGB_1_024_036
HGB_1_024_035,HGB_1_024_101
HGB_1_024_036,HGB_1_024_035
HGB_1_024_036,HGB_1_024_037
HGB_1_024_037,HGB_1_024_036
HGB_1_024_041,HGB_1_024_044
HGB_1_024_044,HGB_1_024_041
HGB_1_024_044,HGB_1_024_108
HGB_1_024_047,HGB_1_024_048
HGB_1_024_048,HGB_1_024_047
HGB_1_024_048,HGB_1_024_110
HGB_1_024_050,HGB_1_024_049
HGB_1_024_099,HGB_1_024_095
HGB_1_024_108,HGB_1_024_044
HGB_1_024_110,HGB_1_024_048
HGB_1_028_018,HGB_1_028_020
HGB_1_028_019,HGB_1_028_020
HGB_1_028_020,HGB_1_028_018
HGB_1_028_020,HGB_1_028_019
HGB_1_028_023,HGB_1_028_024
HGB_1_028_023,HGB_1_028_025
HGB_1_028_024,HGB_1_028_023
HGB_1_028_025,HGB_1_028_023
HGB_1_028_026,HGB_1_028_030
HGB_1_028_027,HGB_1_028_030
HGB_1_028_030,HGB_1_028_026
HGB_1_028_030,HGB_1_028_027
HGB_1_028_035,HGB_1_028_037
HGB_1_028_036,HGB_1_028_037
HGB_1_028_037,HGB_1_028_035
HGB_1_028_037,HGB_1_028_036
HGB_1_028_062,HGB_1_028_065
HGB_1_028_063,HGB_1_028_065
HGB_1_028_065,HGB_1_028_062
HGB_1_028_065,HGB_1_028_063
HGB_1_035_011,HGB_1_002_055
HGB_1_050_033,HGB_1_050_034
HGB_1_050_038,HGB_1_050_039
HGB_1_050_038,HGB_1_050_040
HGB_1_050_039,HGB_1_050_038
HGB_1_050_040,HGB_1_050_038
HGB_1_050_046,HGB_1_050_047
HGB_1_050_046,HGB_1_050_048
HGB_1_050_047,HGB_1_050_046
HGB_1_050_048,HGB_1_050_046
HGB_1_050_051,HGB_1_050_052
HGB_1_050_051,HGB_1_050_053
HGB_1_050_052,HGB_1_050_051
HGB_1_050_053,HGB_1_050_051
HGB_1_050_063,HGB_1_050_064
HGB_1_050_064,HGB_1_050_063
HGB_1_050_064,HGB_1_050_065
HGB_1_050_065,HGB_1_050_064
HGB_1_056_029,HGB_1_056_030
HGB_1_056_029,HGB_1_056_031
HGB_1_056_030,HGB_1_056_029
HGB_1_056_031,HGB_1_056_029
HGB_1_058_023,HGB_1_058_024
HGB_1_058_024,HGB_1_058_023
HGB_1_058_024,HGB_1_058_025
HGB_1_058_025,HGB_1_058_024
HGB_1_058_061,HGB_1_058_062
HGB_1_058_061,HGB_1_058_063
HGB_1_058_062,HGB_1_058_061
HGB_1_058_063,HGB_1_058_061
HGB_1_058_140,HGB_1_058_139
HGB_1_058_141,HGB_1_058_139
HGB_1_058_146,HGB_1_058_147
HGB_1_058_147,HGB_1_058_146
HGB_1_058_147,HGB_1_058_148
HGB_1_058_148,HGB_1_058_147
HGB_1_058_148,HGB_1_058_149
HGB_1_058_148,HGB_1_058_150
HGB_1_058_148,HGB_1_058_151
HGB_1_058_149,HGB_1_058_148
HGB_1_058_150,HGB_1_058_148
HGB_1_058_151,HGB_1_058_148
HGB_1_058_158,HGB_1_058_160
HGB_1_058_159,HGB_1_058_160
HGB_1_058_160,HGB_1_058_158
HGB_1_058_160,HGB_1_058_159
HGB_1_058_189,HGB_1_058_191
HGB_1_058_190,HGB_1_058_191
HGB_1_058_191,HGB_1_058_189
HGB_1_058_191,HGB_1_058_190
HGB_1_058_200,HGB_1_058_201
HGB_1_058_201,HGB_1_058_200
HGB_1_058_201,HGB_1_058_202
HGB_1_058_202,HGB_1_058_201
HGB_1_062_019,HGB_1_062_018
HGB_1_062_031,HGB_1_078_017
HGB_1_062_031,HGB_1_078_018
HGB_1_063_019,HGB_1_063_018
HGB_1_063_020,HGB_1_063_018
HGB_1_063_056,HGB_1_063_054
HGB_1_063_068,HGB_1_063_067
HGB_1_063_068,HGB_1_063_069
HGB_1_063_070,HGB_1_063_071
HGB_1_063_070,HGB_1_063_072
HGB_1_063_071,HGB_1_063_070
HGB_1_063_072,HGB_1_063_070
HGB_1_063_079,HGB_1_063_080
HGB_1_063_079,HGB_1_063_081
HGB_1_063_080,HGB_1_063_079
HGB_1_063_081,HGB_1_063_079
HGB_1_063_090,HGB_1_063_091
HGB_1_063_092,HGB_1_063_091
HGB_1_063_098,HGB_1_063_099
HGB_1_063_106,HGB_1_063_105
HGB_1_063_106,HGB_1_063_108
HGB_1_063_110,HGB_1_063_111
HGB_1_063_111,HGB_1_063_110
HGB_1_063_111,HGB_1_064_014
HGB_1_063_114,HGB_1_063_113
HGB_1_064_014,HGB_1_063_110
HGB_1_064_014,HGB_1_063_111
HGB_1_064_032,HGB_1_064_031
HGB_1_064_032,HGB_1_079_036
HGB_1_066_030,HGB_1_066_028
HGB_1_066_031,HGB_1_066_032
HGB_1_066_032,HGB_1_066_031
HGB_1_066_032,HGB_1_066_033
HGB_1_066_033,HGB_1_066_032
HGB_1_066_059,HGB_1_066_060
HGB_1_066_059,HGB_1_066_061
HGB_1_074_015,HGB_1_074_020
HGB_1_074_024,HGB_1_074_027
HGB_1_074_025,HGB_1_074_024
HGB_1_074_027,HGB_1_074_025
HGB_1_074_027,HGB_1_074_028
HGB_1_074_028,HGB_1_074_024
HGB_1_074_032,HGB_1_074_033
HGB_1_074_033,HGB_1_074_032
HGB_1_074_033,HGB_1_074_034
HGB_1_074_034,HGB_1_074_033
HGB_1_074_034,HGB_1_074_035
HGB_1_074_035,HGB_1_074_033
HGB_1_074_038,HGB_1_074_035
HGB_1_074_040,HGB_1_074_042
HGB_1_074_042,HGB_1_074_040
HGB_1_074_043,HGB_1_074_042
HGB_1_074_043,HGB_1_074_044
HGB_1_074_072,HGB_1_074_073
HGB_1_074_072,HGB_1_074_074
HGB_1_074_073,HGB_1_074_072
HGB_1_074_073,HGB_1_074_075
HGB_1_074_074,HGB_1_074_072
HGB_1_074_075,HGB_1_074_072
HGB_1_074_075,HGB_1_074_077
HGB_1_074_076,HGB_1_074_077
HGB_1_074_076,HGB_1_074_078
HGB_1_074_077,HGB_1_074_075
HGB_1_074_077,HGB_1_074_076
HGB_1_074_078,HGB_1_074_076
HGB_1_074_085,HGB_1_074_086
HGB_1_074_086,HGB_1_074_085
HGB_1_074_087,HGB_1_074_086
HGB_1_074_091,HGB_1_074_092
HGB_1_074_091,HGB_1_074_093
HGB_1_074_091,HGB_1_074_094
HGB_1_074_092,HGB_1_074_091
HGB_1_074_093,HGB_1_074_091
HGB_1_074_094,HGB_1_074_095
HGB_1_074_095,HGB_1_074_091
HGB_1_074_100,HGB_1_074_095
HGB_1_074_101,HGB_1_074_100
HGB_1_074_102,HGB_1_074_100
HGB_1_078_022,HGB_1_078_023
HGB_1_078_023,HGB_1_078_022
HGB_1_078_023,HGB_1_078_024
HGB_1_078_024,HGB_1_078_023
HGB_1_078_025,HGB_1_079_042
HGB_1_078_026,HGB_1_079_044
HGB_1_078_026,HGB_1_079_045
HGB_1_078_034,HGB_1_078_035
HGB_1_078_035,HGB_1_078_034
HGB_1_078_041,HGB_1_078_042
HGB_1_078_042,HGB_1_078_041
HGB_1_078_042,HGB_1_078_043
HGB_1_078_042,HGB_1_078_044
HGB_1_078_043,HGB_1_078_042
HGB_1_078_044,HGB_1_078_042
HGB_1_078_045,HGB_1_078_047
HGB_1_079_013,HGB_1_079_014
HGB_1_079_014,HGB_1_079_015
HGB_1_079_015,HGB_1_079_013
HGB_1_079_021,HGB_1_079_014
HGB_1_079_021,HGB_1_079_024
HGB_1_079_024,HGB_1_079_021
HGB_1_079_024,HGB_1_079_025
HGB_1_079_025,HGB_1_079_024
HGB_1_079_030,HGB_1_079_031
HGB_1_079_031,HGB_1_079_030
HGB_1_079_031,HGB_1_079_032
HGB_1_079_032,HGB_1_079_030
HGB_1_079_035,HGB_1_079_033
HGB_1_079_042,HGB_1_078_025
HGB_1_079_044,HGB_1_078_025
HGB_1_079_044,HGB_1_079_045
HGB_1_082_006,HGB_1_082_009
HGB_1_082_007,HGB_1_082_009
HGB_1_082_008,HGB_1_082_009
HGB_1_082_009,HGB_1_082_006
HGB_1_082_009,HGB_1_082_007
HGB_1_082_009,HGB_1_082_008
HGB_1_085_013,HGB_1_085_014
HGB_1_085_014,HGB_1_085_013
HGB_1_085_014,HGB_1_085_015
HGB_1_085_015,HGB_1_085_014
HGB_1_085_018,HGB_1_085_019
HGB_1_085_018,HGB_1_085_020
HGB_1_085_019,HGB_1_085_018
HGB_1_085_020,HGB_1_085_018
HGB_1_085_024,HGB_1_085_025
HGB_1_085_024,HGB_1_085_026
HGB_1_085_025,HGB_1_085_024
HGB_1_085_026,HGB_1_085_024
HGB_1_085_031,HGB_1_085_032
HGB_1_085_032,HGB_1_085_031
HGB_1_085_032,HGB_1_085_040
HGB_1_085_034,HGB_1_085_035
HGB_1_085_035,HGB_1_085_031
HGB_1_085_035,HGB_1_085_034
HGB_1_085_035,HGB_1_085_039
HGB_1_085_039,HGB_1_085_035
HGB_1_086_030,HGB_1_086_029
HGB_1_091_024,HGB_1_091_025
HGB_1_091_025,HGB_1_091_024
HGB_1_091_025,HGB_1_091_026
HGB_1_091_025,HGB_1_091_028
HGB_1_091_026,HGB_1_091_025
HGB_1_091_027,HGB_1_091_026
HGB_1_091_027,HGB_1_091_028
HGB_1_091_028,HGB_1_091_025
HGB_1_091_028,HGB_1_091_029
HGB_1_091_028,HGB_1_091_030
HGB_1_091_029,HGB_1_091_028
HGB_1_091_030,HGB_1_091_028
HGB_1_091_033,HGB_1_091_034
HGB_1_091_034,HGB_1_091_033
HGB_1_091_034,HGB_1_091_036
HGB_1_091_035,HGB_1_091_036
HGB_1_091_035,HGB_1_091_037
HGB_1_091_035,HGB_1_091_038
HGB_1_091_036,HGB_1_091_034
HGB_1_091_036,HGB_1_091_035
HGB_1_091_037,HGB_1_091_035
HGB_1_091_038,HGB_1_091_035
HGB_1_091_038,HGB_1_091_039
HGB_1_091_039,HGB_1_091_038
HGB_1_091_041,HGB_1_091_042
HGB_1_091_048,HGB_1_091_050
HGB_1_091_050,HGB_1_091_048
HGB_1_091_050,HGB_1_091_052
HGB_1_091_053,HGB_1_091_050
HGB_1_091_055,HGB_1_091_056
HGB_1_091_067,HGB_1_091_068
HGB_1_091_069,HGB_1_091_068
HGB_1_091_069,HGB_1_091_070
HGB_1_091_070,HGB_1_091_068
HGB_1_091_076,HGB_1_091_077
HGB_1_091_079,HGB_1_091_078
HGB_1_091_079,HGB_1_091_082
HGB_1_091_085,HGB_1_091_086
HGB_1_091_086,HGB_1_091_085
HGB_1_091_086,HGB_1_091_090
HGB_1_091_087,HGB_1_091_090
HGB_1_091_088,HGB_1_091_087
HGB_1_091_089,HGB_1_091_087
HGB_1_091_090,HGB_1_091_086
HGB_1_091_090,HGB_1_091_088
HGB_1_091_090,HGB_1_091_089
HGB_1_091_090,HGB_1_091_091
HGB_1_091_091,HGB_1_091_090
HGB_1_091_102,HGB_1_091_103
HGB_1_091_103,HGB_1_091_102
HGB_1_091_103,HGB_1_091_104
HGB_1_091_104,HGB_1_091_103
HGB_1_091_108,HGB_1_091_107
HGB_1_091_109,HGB_1_091_107
HGB_1_091_110,HGB_1_091_111
HGB_1_091_110,HGB_1_091_112
HGB_1_091_111,HGB_1_091_110
HGB_1_091_112,HGB_1_091_110
HGB_1_091_113,HGB_1_091_114
HGB_1_091_113,HGB_1_091_116
HGB_1_091_114,HGB_1_091_115
HGB_1_091_115,HGB_1_091_114
HGB_1_091_138,HGB_1_091_139
HGB_1_091_138,HGB_1_091_141
HGB_1_091_139,HGB_1_091_138
HGB_1_091_141,HGB_1_091_138
HGB_1_091_144,HGB_1_091_145
HGB_1_091_145,HGB_1_091_144
HGB_1_091_145,HGB_1_091_146
HGB_1_091_146,HGB_1_091_145
HGB_1_091_157,HGB_1_091_158
HGB_1_091_157,HGB_1_091_159
HGB_1_091_158,HGB_1_091_157
HGB_1_091_159,HGB_1_091_157
HGB_1_091_160,HGB_1_091_161
HGB_1_091_161,HGB_1_091_160
HGB_1_091_161,HGB_1_091_162
HGB_1_091_162,HGB_1_091_161
HGB_1_093_007,HGB_1_093_008
HGB_1_093_008,HGB_1_093_007
HGB_1_093_008,HGB_1_093_009
HGB_1_093_009,HGB_1_093_008
HGB_1_093_012,HGB_1_093_011
HGB_1_093_018,HGB_1_093_019
HGB_1_093_022,HGB_1_093_023
HGB_1_093_023,HGB_1_093_022
HGB_1_093_023,HGB_1_093_024
HGB_1_093_024,HGB_1_093_023
HGB_1_093_024,HGB_1_093_025
HGB_1_093_025,HGB_1_093_024
HGB_1_095_019,HGB_1_095_020
HGB_1_095_019,HGB_1_095_021
HGB_1_095_022,HGB_1_095_023
HGB_1_096_022,HGB_1_168_076
HGB_1_103_014,HGB_1_103_013
HGB_1_103_014,HGB_1_103_015
HGB_1_103_014,HGB_1_103_016
HGB_1_103_015,HGB_1_103_014
HGB_1_103_015,HGB_1_103_017
HGB_1_103_017,HGB_1_103_015
HGB_1_103_030,HGB_1_103_031
HGB_1_103_030,HGB_1_103_032
HGB_1_103_031,HGB_1_103_030
HGB_1_103_032,HGB_1_103_030
HGB_1_103_034,HGB_1_103_035
HGB_1_103_035,HGB_1_103_034
HGB_1_103_035,HGB_1_103_036
HGB_1_103_036,HGB_1_103_035
HGB_1_103_046,HGB_1_103_047
HGB_1_103_047,HGB_1_103_046
HGB_1_103_047,HGB_1_103_048
HGB_1_103_048,HGB_1_103_047
HGB_1_103_061,HGB_1_103_062
HGB_1_103_062,HGB_1_103_061
HGB_1_103_062,HGB_1_103_063
HGB_1_103_063,HGB_1_103_062
HGB_1_103_064,HGB_1_103_065
HGB_1_103_065,HGB_1_103_064
HGB_1_103_065,HGB_1_103_066
HGB_1_103_065,HGB_1_103_067
HGB_1_103_067,HGB_1_103_065
HGB_1_103_068,HGB_1_103_066
HGB_1_104_025,HGB_1_104_027
HGB_1_104_033,HGB_1_104_035
HGB_1_104_034,HGB_1_104_036
HGB_1_104_035,HGB_1_104_033
HGB_1_104_035,HGB_1_104_036
HGB_1_104_035,HGB_1_104_037
HGB_1_104_035,HGB_1_104_039
HGB_1_104_036,HGB_1_104_034
HGB_1_104_036,HGB_1_104_035
HGB_1_104_037,HGB_1_104_035
HGB_1_104_037,HGB_1_104_038
HGB_1_104_038,HGB_1_104_035
HGB_1_104_039,HGB_1_104_035
HGB_1_104_039,HGB_1_104_038
HGB_1_106_017,HGB_1_106_018
HGB_1_106_017,HGB_1_106_019
HGB_1_106_018,HGB_1_106_017
HGB_1_106_019,HGB_1_106_017
HGB_1_112_010,HGB_1_112_011
HGB_1_112_011,HGB_1_112_010
HGB_1_112_016,HGB_1_112_017
HGB_1_112_016,HGB_1_112_018
HGB_1_112_017,HGB_1_112_016
HGB_1_112_018,HGB_1_112_016
HGB_1_113_027,HGB_1_113_029
HGB_1_113_028,HGB_1_113_029
HGB_1_113_029,HGB_1_113_027
HGB_1_113_029,HGB_1_113_028
HGB_1_113_030,HGB_1_113_032
HGB_1_113_032,HGB_1_113_030
HGB_1_113_032,HGB_1_113_034
HGB_1_113_034,HGB_1_113_032
HGB_1_113_048,HGB_1_113_049
HGB_1_113_049,HGB_1_113_048
HGB_1_113_049,HGB_1_113_050
HGB_1_113_050,HGB_1_113_049
HGB_1_113_050,HGB_1_113_054
HGB_1_113_051,HGB_1_113_052
HGB_1_113_052,HGB_1_113_053
HGB_1_113_053,HGB_1_113_052
HGB_1_113_054,HGB_1_113_050
HGB_1_113_057,HGB_1_113_059
HGB_1_113_059,HGB_1_113_061
HGB_1_113_060,HGB_1_113_059
HGB_1_113_060,HGB_1_113_061
HGB_1_113_063,HGB_1_113_064
HGB_1_113_064,HGB_1_113_063
HGB_1_113_064,HGB_1_113_066
HGB_1_113_065,HGB_1_113_064
HGB_1_113_065,HGB_1_113_066
HGB_1_113_066,HGB_1_113_065
HGB_1_114_011,HGB_1_114_010
HGB_1_114_012,HGB_1_114_010
HGB_1_116_022,HGB_1_116_023
HGB_1_116_023,HGB_1_116_022
HGB_1_116_023,HGB_1_116_026
HGB_1_116_026,HGB_1_116_023
HGB_1_117_019,HGB_1_117_020
HGB_1_117_020,HGB_1_117_019
HGB_1_117_020,HGB_1_117_021
HGB_1_117_021,HGB_1_117_020
HGB_1_118_006,HGB_1_118_007
HGB_1_118_007,HGB_1_118_006
HGB_1_118_007,HGB_1_118_008
HGB_1_118_008,HGB_1_118_007
HGB_1_122_020,HGB_1_122_022
HGB_1_122_021,HGB_1_122_022
HGB_1_122_022,HGB_1_122_020
HGB_1_122_022,HGB_1_122_021
HGB_1_122_032,HGB_1_085_031
HGB_1_122_033,HGB_1_085_031
HGB_1_122_038,HGB_1_122_054
HGB_1_122_044,HGB_1_122_042
HGB_1_122_046,HGB_1_122_045
HGB_1_122_047,HGB_1_122_050
HGB_1_122_048,HGB_1_122_050
HGB_1_122_054,HGB_1_122_038
HGB_1_122_056,HGB_1_122_057
HGB_1_122_056,HGB_1_122_058
HGB_1_122_056,HGB_1_122_059
HGB_1_122_057,HGB_1_122_056
HGB_1_122_058,HGB_1_122_056
HGB_1_122_059,HGB_1_122_056
HGB_1_131_012,HGB_1_131_013
HGB_1_131_012,HGB_1_131_014
HGB_1_131_013,HGB_1_131_012
HGB_1_131_014,HGB_1_131_012
HGB_1_131_017,HGB_1_010_084
HGB_1_133_013,HGB_1_133_014
HGB_1_135_021,HGB_1_135_019
HGB_1_136_010,HGB_1_136_009
HGB_1_136_021,HGB_1_136_022
HGB_1_136_022,HGB_1_136_021
HGB_1_137_020,HGB_1_137_023
HGB_1_137_023,HGB_1_137_020
HGB_1_137_023,HGB_1_137_024
HGB_1_137_024,HGB_1_137_023
HGB_1_137_024,HGB_1_137_027
HGB_1_137_027,HGB_1_137_028
HGB_1_137_049,HGB_1_194_095
HGB_1_137_058,HGB_1_137_061
HGB_1_137_071,HGB_1_137_072
HGB_1_137_072,HGB_1_137_071
HGB_1_137_072,HGB_1_137_073
HGB_1_137_073,HGB_1_137_072
HGB_1_137_078,HGB_1_137_081
HGB_1_137_079,HGB_1_137_081
HGB_1_137_081,HGB_1_137_078
HGB_1_137_081,HGB_1_137_079
HGB_1_145_024,HGB_1_145_025
HGB_1_145_025,HGB_1_145_024
HGB_1_145_025,HGB_1_145_026
HGB_1_145_026,HGB_1_145_025
HGB_1_146_034,HGB_1_146_035
HGB_1_146_034,HGB_1_146_036
HGB_1_146_035,HGB_1_146_034
HGB_1_146_036,HGB_1_146_034
HGB_1_146_045,HGB_1_190_026
HGB_1_146_061,HGB_1_146_060
HGB_1_147_014,HGB_1_147_015
HGB_1_147_015,HGB_1_147_014
HGB_1_147_015,HGB_1_147_016
HGB_1_147_016,HGB_1_147_015
HGB_1_147_029,HGB_1_147_030
HGB_1_147_030,HGB_1_147_029
HGB_1_147_030,HGB_1_147_031
HGB_1_147_031,HGB_1_147_030
HGB_1_147_034,HGB_1_147_035
HGB_1_147_035,HGB_1_147_034
HGB_1_147_046,HGB_1_147_047
HGB_1_147_046,HGB_1_147_050
HGB_1_147_048,HGB_1_147_046
HGB_1_147_049,HGB_1_147_046
HGB_1_147_055,HGB_1_147_056
HGB_1_147_056,HGB_1_147_057
HGB_1_147_057,HGB_1_147_055
HGB_1_147_058,HGB_1_147_056
HGB_1_147_058,HGB_1_147_059
HGB_1_147_059,HGB_1_147_056
HGB_1_147_066,HGB_1_147_057
HGB_1_148_023,HGB_1_148_024
HGB_1_148_024,HGB_1_148_023
HGB_1_148_024,HGB_1_148_029
HGB_1_148_029,HGB_1_148_024
HGB_1_149_009,HGB_1_149_016
HGB_1_151_011,HGB_1_151_012
HGB_1_151_012,HGB_1_151_011
HGB_1_151_012,HGB_1_151_013
HGB_1_151_013,HGB_1_151_012
HGB_1_153_014,HGB_1_153_015
HGB_1_153_015,HGB_1_153_014
HGB_1_153_015,HGB_1_153_016
HGB_1_153_016,HGB_1_153_015
HGB_1_153_018,HGB_1_153_019
HGB_1_153_019,HGB_1_153_018
HGB_1_153_019,HGB_1_153_022
HGB_1_153_025,HGB_1_155_033
HGB_1_153_025,HGB_1_155_036
HGB_1_153_031,HGB_1_153_032
HGB_1_153_031,HGB_1_153_033
HGB_1_153_032,HGB_1_153_031
HGB_1_153_033,HGB_1_153_031
HGB_1_154_016,HGB_1_154_017
HGB_1_154_017,HGB_1_154_016
HGB_1_154_017,HGB_1_154_018
HGB_1_154_018,HGB_1_154_017
HGB_1_154_026,HGB_1_154_030
HGB_1_154_026,HGB_1_154_033
HGB_1_154_030,HGB_1_154_026
HGB_1_154_033,HGB_1_154_026
HGB_1_154_034,HGB_1_154_036
HGB_1_154_035,HGB_1_154_036
HGB_1_154_036,HGB_1_154_034
HGB_1_154_036,HGB_1_154_035
HGB_1_154_038,HGB_1_154_039
HGB_1_154_039,HGB_1_154_038
HGB_1_154_039,HGB_1_154_040
HGB_1_154_040,HGB_1_154_039
HGB_1_154_042,HGB_1_154_043
HGB_1_154_043,HGB_1_154_042
HGB_1_154_043,HGB_1_154_044
HGB_1_154_044,HGB_1_154_043
HGB_1_154_050,HGB_1_154_054
HGB_1_154_052,HGB_1_154_053
HGB_1_154_052,HGB_1_154_054
HGB_1_154_052,HGB_1_154_055
HGB_1_154_053,HGB_1_154_052
HGB_1_154_054,HGB_1_154_050
HGB_1_154_054,HGB_1_154_052
HGB_1_154_055,HGB_1_154_052
HGB_1_154_057,HGB_1_154_058
HGB_1_154_058,HGB_1_066_072
HGB_1_154_058,HGB_1_154_057
HGB_1_154_068,HGB_1_154_069
HGB_1_154_069,HGB_1_154_068
HGB_1_154_069,HGB_1_154_070
HGB_1_154_070,HGB_1_154_069
HGB_1_154_072,HGB_1_154_073
HGB_1_154_073,HGB_1_154_072
HGB_1_154_073,HGB_1_154_074
HGB_1_154_074,HGB_1_154_073
HGB_1_154_076,HGB_1_154_078
HGB_1_154_077,HGB_1_154_078
HGB_1_154_078,HGB_1_154_079
HGB_1_154_086,HGB_1_154_087
HGB_1_154_087,HGB_1_154_086
HGB_1_154_087,HGB_1_154_088
HGB_1_154_088,HGB_1_154_087
HGB_1_154_089,HGB_1_154_090
HGB_1_154_090,HGB_1_154_089
HGB_1_154_090,HGB_1_154_091
HGB_1_154_091,HGB_1_154_090
HGB_1_154_093,HGB_1_154_097
HGB_1_154_096,HGB_1_154_093
HGB_1_154_097,HGB_1_154_093
HGB_1_155_014,HGB_1_155_015
HGB_1_155_015,HGB_1_155_014
HGB_1_155_015,HGB_1_155_016
HGB_1_155_016,HGB_1_155_015
HGB_1_155_019,HGB_1_155_018
HGB_1_155_019,HGB_1_155_020
HGB_1_155_023,HGB_1_155_024
HGB_1_155_024,HGB_1_155_023
HGB_1_155_032,HGB_1_153_025
HGB_1_155_033,HGB_1_153_025
HGB_1_155_033,HGB_1_155_034
HGB_1_155_033,HGB_1_155_035
HGB_1_155_034,HGB_1_155_033
HGB_1_155_035,HGB_1_155_033
HGB_1_155_046,HGB_1_155_048
HGB_1_159_026,HGB_1_159_027
HGB_1_159_027,HGB_1_159_026
HGB_1_159_027,HGB_1_159_028
HGB_1_159_027,HGB_1_159_029
HGB_1_159_028,HGB_1_159_027
HGB_1_159_029,HGB_1_159_027
HGB_1_159_037,HGB_1_159_038
HGB_1_159_037,HGB_1_159_039
HGB_1_159_038,HGB_1_159_037
HGB_1_159_039,HGB_1_159_037
HGB_1_159_046,HGB_1_159_047
HGB_1_159_046,HGB_1_159_048
HGB_1_159_047,HGB_1_159_046
HGB_1_159_048,HGB_1_159_046
HGB_1_159_051,HGB_1_159_049
HGB_1_159_053,HGB_1_159_051
HGB_1_159_054,HGB_1_159_053
HGB_1_159_054,HGB_1_159_055
HGB_1_159_069,HGB_1_159_070
HGB_1_159_069,HGB_1_225_060
HGB_1_159_070,HGB_1_159_069
HGB_1_159_071,HGB_1_159_072
HGB_1_159_071,HGB_1_159_073
HGB_1_159_072,HGB_1_159_071
HGB_1_159_073,HGB_1_159_071
HGB_1_159_075,HGB_1_159_076
HGB_1_159_076,HGB_1_159_075
HGB_1_159_076,HGB_1_159_077
HGB_1_159_077,HGB_1_159_076
HGB_1_159_080,HGB_1_159_079
HGB_1_159_095,HGB_1_159_097
HGB_1_159_097,HGB_1_159_095
HGB_1_159_111,HGB_1_159_112
HGB_1_159_111,HGB_1_159_113
HGB_1_159_112,HGB_1_159_111
HGB_1_159_113,HGB_1_159_111
HGB_1_159_121,HGB_1_159_122
HGB_1_159_122,HGB_1_159_121
HGB_1_159_122,HGB_1_159_123
HGB_1_159_123,HGB_1_159_122
HGB_1_159_138,HGB_1_159_139
HGB_1_159_138,HGB_1_159_140
HGB_1_159_139,HGB_1_159_138
HGB_1_159_140,HGB_1_159_138
HGB_1_159_144,HGB_1_159_145
HGB_1_159_144,HGB_1_159_146
HGB_1_159_145,HGB_1_159_144
HGB_1_159_146,HGB_1_159_144
HGB_1_160_010,HGB_1_160_012
HGB_1_160_012,HGB_1_160_010
HGB_1_160_012,HGB_1_160_013
HGB_1_160_013,HGB_1_160_012
HGB_1_160_018,HGB_1_160_019
HGB_1_160_018,HGB_1_160_021
HGB_1_160_019,HGB_1_160_022
HGB_1_160_021,HGB_1_160_022
HGB_1_160_023,HGB_1_160_024
HGB_1_160_024,HGB_1_160_023
HGB_1_160_025,HGB_1_160_026
HGB_1_160_026,HGB_1_160_025
HGB_1_160_026,HGB_1_227_012
HGB_1_161_011,HGB_1_161_010
HGB_1_161_012,HGB_1_161_010
HGB_1_161_013,HGB_1_161_015
HGB_1_161_015,HGB_1_161_013
HGB_1_161_016,HGB_1_161_017
HGB_1_161_016,HGB_1_161_018
HGB_1_161_017,HGB_1_161_016
HGB_1_161_018,HGB_1_161_016
HGB_1_161_021,HGB_1_161_023
HGB_1_161_029,HGB_1_161_030
HGB_1_161_029,HGB_1_161_031
HGB_1_161_030,HGB_1_161_029
HGB_1_161_031,HGB_1_161_029
HGB_1_168_028,HGB_1_168_032
HGB_1_168_036,HGB_1_168_037
HGB_1_168_036,HGB_1_168_038
HGB_1_168_037,HGB_1_168_036
HGB_1_168_038,HGB_1_168_036
HGB_1_168_067,HGB_1_168_066
HGB_1_168_075,HGB_1_168_074
HGB_1_168_075,HGB_1_168_076
HGB_1_168_076,HGB_1_096_022
HGB_1_169_008,HGB_1_169_009
HGB_1_169_009,HGB_1_169_008
HGB_1_169_009,HGB_1_169_010
HGB_1_169_010,HGB_1_169_009
HGB_1_170_011,HGB_1_170_010
HGB_1_170_016,HGB_1_170_022
HGB_1_170_030,HGB_1_170_032
HGB_1_172_010,HGB_1_172_011
HGB_1_172_011,HGB_1_172_010
HGB_1_173_009,HGB_1_173_008
HGB_1_173_014,HGB_1_173_015
HGB_1_173_015,HGB_1_173_014
HGB_1_173_015,HGB_1_173_016
HGB_1_173_016,HGB_1_173_015
HGB_1_176_011,HGB_1_176_012
HGB_1_176_012,HGB_1_176_011
HGB_1_176_012,HGB_1_176_013
HGB_1_176_013,HGB_1_176_012
HGB_1_177_013,HGB_1_177_012
HGB_1_177_028,HGB_1_177_026
HGB_1_178_015,HGB_1_178_016
HGB_1_179_008,HGB_1_179_007
HGB_1_179_008,HGB_1_179_010
HGB_1_179_008,HGB_1_179_011
HGB_1_179_009,HGB_1_179_008
HGB_1_179_009,HGB_1_179_012
HGB_1_179_013,HGB_1_179_014
HGB_1_179_014,HGB_1_179_013
HGB_1_179_014,HGB_1_179_016
HGB_1_179_014,HGB_1_179_018
HGB_1_179_016,HGB_1_179_014
HGB_1_179_018,HGB_1_179_014
HGB_1_181_011,HGB_1_050_034
HGB_1_181_027,HGB_1_028_048
HGB_1_181_027,HGB_1_181_028
HGB_1_181_028,HGB_1_181_026
HGB_1_181_032,HGB_1_181_033
HGB_1_181_033,HGB_1_181_032
HGB_1_181_033,HGB_1_181_036
HGB_1_181_034,HGB_1_181_027
HGB_1_181_034,HGB_1_181_029
HGB_1_181_036,HGB_1_181_033
HGB_1_181_036,HGB_1_181_037
HGB_1_181_037,HGB_1_181_036
HGB_1_182_016,HGB_1_182_017
HGB_1_182_016,HGB_1_182_018
HGB_1_183_008,HGB_1_183_007
HGB_1_183_008,HGB_1_183_010
HGB_1_183_015,HGB_1_183_016
HGB_1_183_016,HGB_1_183_015
HGB_1_183_016,HGB_1_183_017
HGB_1_183_017,HGB_1_183_016
HGB_1_183_018,HGB_1_183_019
HGB_1_183_019,HGB_1_183_018
HGB_1_183_021,HGB_1_183_022
HGB_1_183_022,HGB_1_183_021
HGB_1_183_022,HGB_1_183_023
HGB_1_183_023,HGB_1_183_022
HGB_1_184_016,HGB_1_184_017
HGB_1_184_017,HGB_1_184_016
HGB_1_184_017,HGB_1_184_019
HGB_1_184_018,HGB_1_184_019
HGB_1_184_018,HGB_1_184_020
HGB_1_184_019,HGB_1_184_017
HGB_1_184_019,HGB_1_184_018
HGB_1_184_020,HGB_1_184_018
HGB_1_184_021,HGB_1_184_022
HGB_1_184_022,HGB_1_184_021
HGB_1_184_022,HGB_1_184_023
HGB_1_184_023,HGB_1_184_022
HGB_1_184_035,HGB_1_184_036
HGB_1_184_035,HGB_1_184_037
HGB_1_184_036,HGB_1_184_035
HGB_1_184_037,HGB_1_184_035
HGB_1_184_042,HGB_1_184_043
HGB_1_184_044,HGB_1_184_042
HGB_1_184_054,HGB_1_086_011
HGB_1_184_061,HGB_1_184_062
HGB_1_184_061,HGB_1_184_063
HGB_1_184_062,HGB_1_184_061
HGB_1_184_063,HGB_1_184_061
HGB_1_184_047,HGB_1_184_046
HGB_1_188_031,HGB_1_188_032
HGB_1_188_032,HGB_1_188_031
HGB_1_188_032,HGB_1_188_033
HGB_1_188_033,HGB_1_188_032
HGB_1_189_011,HGB_1_189_012
HGB_1_189_012,HGB_1_189_011
HGB_1_189_015,HGB_1_189_016
HGB_1_189_016,HGB_1_189_015
HGB_1_189_016,HGB_1_189_017
HGB_1_189_017,HGB_1_189_016
HGB_1_189_019,HGB_1_189_020
HGB_1_189_019,HGB_1_189_021
HGB_1_189_020,HGB_1_189_019
HGB_1_189_021,HGB_1_189_019
HGB_1_189_024,HGB_1_189_022
HGB_1_189_025,HGB_1_189_022
HGB_1_189_053,HGB_1_189_054
HGB_1_189_053,HGB_1_189_055
HGB_1_189_054,HGB_1_189_053
HGB_1_189_055,HGB_1_189_053
HGB_1_189_060,HGB_1_189_061
HGB_1_189_061,HGB_1_189_064
HGB_1_189_064,HGB_1_189_061
HGB_1_190_017,HGB_1_190_018
HGB_1_190_026,HGB_1_146_045
HGB_1_190_026,HGB_1_190_028
HGB_1_190_028,HGB_1_190_026
HGB_1_194_036,HGB_1_194_037
HGB_1_194_036,HGB_1_194_038
HGB_1_194_037,HGB_1_194_036
HGB_1_194_038,HGB_1_194_036
HGB_1_194_040,HGB_1_194_041
HGB_1_194_040,HGB_1_194_042
HGB_1_194_041,HGB_1_194_040
HGB_1_194_042,HGB_1_194_040
HGB_1_194_045,HGB_1_194_046
HGB_1_194_045,HGB_1_194_048
HGB_1_194_046,HGB_1_194_045
HGB_1_194_048,HGB_1_194_045
HGB_1_194_070,HGB_1_194_071
HGB_1_194_071,HGB_1_194_070
HGB_1_194_071,HGB_1_194_072
HGB_1_194_072,HGB_1_194_071
HGB_1_194_073,HGB_1_194_074
HGB_1_194_073,HGB_1_194_075
HGB_1_194_073,HGB_1_194_076
HGB_1_194_074,HGB_1_194_073
HGB_1_194_075,HGB_1_194_073
HGB_1_194_076,HGB_1_194_073
HGB_1_194_078,HGB_1_194_079
HGB_1_194_078,HGB_1_194_080
HGB_1_194_079,HGB_1_194_078
HGB_1_194_080,HGB_1_194_078
HGB_1_194_085,HGB_1_194_086
HGB_1_194_086,HGB_1_194_085
HGB_1_194_086,HGB_1_194_087
HGB_1_194_087,HGB_1_194_086
HGB_1_194_088,HGB_1_194_087
HGB_1_194_088,HGB_1_194_089
HGB_1_194_101,HGB_1_194_102
HGB_1_194_102,HGB_1_194_101
HGB_1_194_102,HGB_1_194_103
HGB_1_194_103,HGB_1_194_102
HGB_1_194_106,HGB_1_194_107
HGB_1_194_107,HGB_1_194_106
HGB_1_194_107,HGB_1_194_108
HGB_1_194_108,HGB_1_194_107
HGB_1_197_041,HGB_1_197_042
HGB_1_197_041,HGB_1_197_043
HGB_1_197_041,HGB_1_197_044
HGB_1_197_042,HGB_1_197_041
HGB_1_197_043,HGB_1_197_041
HGB_1_197_044,HGB_1_197_041
HGB_1_197_044,HGB_1_197_045
HGB_1_197_045,HGB_1_197_044
HGB_1_197_047,HGB_1_197_048
HGB_1_197_048,HGB_1_197_047
HGB_1_197_048,HGB_1_197_049
HGB_1_197_049,HGB_1_197_048
HGB_1_197_053,HGB_1_197_054
HGB_1_197_053,HGB_1_197_055
HGB_1_197_054,HGB_1_197_053
HGB_1_197_054,HGB_1_197_055
HGB_1_197_054,HGB_1_197_056
HGB_1_197_055,HGB_1_197_053
HGB_1_197_055,HGB_1_197_056
HGB_1_197_056,HGB_1_197_054
HGB_1_197_069,HGB_1_197_070
HGB_1_197_069,HGB_1_197_071
HGB_1_197_070,HGB_1_197_069
HGB_1_197_071,HGB_1_197_069
HGB_1_197_073,HGB_1_197_074
HGB_1_197_073,HGB_1_197_075
HGB_1_197_074,HGB_1_197_073
HGB_1_197_075,HGB_1_197_073
HGB_1_197_076,HGB_1_197_077
HGB_1_197_077,HGB_1_197_076
HGB_1_197_077,HGB_1_197_078
HGB_1_197_078,HGB_1_197_077
HGB_1_197_079,HGB_1_197_080
HGB_1_197_079,HGB_1_197_081
HGB_1_197_080,HGB_1_197_079
HGB_1_197_081,HGB_1_197_079
HGB_1_197_082,HGB_1_197_083
HGB_1_197_083,HGB_1_197_082
HGB_1_197_083,HGB_1_197_084
HGB_1_197_084,HGB_1_197_083
HGB_1_197_087,HGB_1_197_088
HGB_1_197_088,HGB_1_197_087
HGB_1_197_088,HGB_1_197_089
HGB_1_197_089,HGB_1_197_088
HGB_1_197_090,HGB_1_197_091
HGB_1_197_091,HGB_1_197_090
HGB_1_197_091,HGB_1_197_092
HGB_1_197_092,HGB_1_197_091
HGB_1_199_020,HGB_1_199_021
HGB_1_199_021,HGB_1_199_020
HGB_1_199_021,HGB_1_199_023
HGB_1_199_022,HGB_1_199_023
HGB_1_199_022,HGB_1_199_024
HGB_1_199_023,HGB_1_199_021
HGB_1_199_023,HGB_1_199_022
HGB_1_199_024,HGB_1_199_022
HGB_1_201_012,HGB_1_201_013
HGB_1_201_013,HGB_1_201_012
HGB_1_203_017,HGB_1_203_019
HGB_1_203_019,HGB_1_203_017
HGB_1_204_015,HGB_1_204_016
HGB_1_204_015,HGB_1_204_017
HGB_1_204_016,HGB_1_204_015
HGB_1_204_017,HGB_1_204_015
HGB_1_204_030,HGB_1_204_031
HGB_1_204_031,HGB_1_204_033
HGB_1_204_033,HGB_1_204_030
HGB_1_204_039,HGB_1_204_040
HGB_1_204_039,HGB_1_204_041
HGB_1_204_040,HGB_1_204_039
HGB_1_204_041,HGB_1_204_039
HGB_1_214_013,HGB_1_101_022
HGB_1_214_015,HGB_1_214_014
HGB_1_214_015,HGB_1_214_016
HGB_1_214_024,HGB_1_214_025
HGB_1_214_025,HGB_1_214_024
HGB_1_214_025,HGB_1_214_026
HGB_1_214_026,HGB_1_214_025
HGB_1_214_034,HGB_1_214_033
HGB_1_214_036,HGB_1_214_033
HGB_1_214_038,HGB_1_214_037
HGB_1_214_038,HGB_1_214_039
HGB_1_214_043,HGB_1_214_042
HGB_1_214_043,HGB_1_214_044
HGB_1_214_043,HGB_1_214_045
HGB_1_214_047,HGB_1_214_048
HGB_1_214_051,HGB_1_214_052
HGB_1_214_052,HGB_1_214_051
HGB_1_214_052,HGB_1_214_053
HGB_1_214_053,HGB_1_214_052
HGB_1_214_063,HGB_1_214_065
HGB_1_214_064,HGB_1_214_063
HGB_1_214_064,HGB_1_214_067
HGB_1_214_065,HGB_1_214_063
HGB_1_214_065,HGB_1_214_067
HGB_1_214_067,HGB_1_214_065
HGB_1_214_069,HGB_1_214_070
HGB_1_214_070,HGB_1_214_069
HGB_1_214_070,HGB_1_214_071
HGB_1_214_071,HGB_1_214_070
HGB_1_214_072,HGB_1_214_073
HGB_1_214_073,HGB_1_214_074
HGB_1_214_074,HGB_1_214_073
HGB_1_214_074,HGB_1_214_076
HGB_1_214_075,HGB_1_214_073
HGB_1_214_076,HGB_1_214_074
HGB_1_215_054,HGB_1_215_055
HGB_1_215_055,HGB_1_215_054
HGB_1_215_055,HGB_1_215_056
HGB_1_215_056,HGB_1_215_055
HGB_1_215_085,HGB_1_215_086
HGB_1_216_010,HGB_1_216_011
HGB_1_216_012,HGB_1_216_011
HGB_1_216_022,HGB_1_216_023
HGB_1_216_023,HGB_1_216_022
HGB_1_216_023,HGB_1_216_024
HGB_1_216_024,HGB_1_216_025
HGB_1_216_025,HGB_1_216_023
HGB_1_216_025,HGB_1_216_027
HGB_1_216_027,HGB_1_216_025
HGB_1_216_037,HGB_1_216_036
HGB_1_217_006,HGB_1_137_055
HGB_1_217_007,HGB_1_137_055
HGB_1_217_009,HGB_1_217_010
HGB_1_217_010,HGB_1_217_009
HGB_1_217_012,HGB_1_217_014
HGB_1_217_014,HGB_1_217_012
HGB_1_218_008,HGB_1_218_009
HGB_1_218_009,HGB_1_218_008
HGB_1_218_009,HGB_1_218_010
HGB_1_218_010,HGB_1_218_009
HGB_1_219_006,HGB_1_219_007
HGB_1_219_007,HGB_1_219_006
HGB_1_222_009,HGB_1_222_008
HGB_1_222_010,HGB_1_222_011
HGB_1_222_011,HGB_1_222_010
HGB_1_223_015,HGB_1_223_016
HGB_1_223_015,HGB_1_223_017
HGB_1_223_016,HGB_1_223_015
HGB_1_223_017,HGB_1_223_015
HGB_1_223_027,HGB_1_223_028
HGB_1_223_027,HGB_1_223_029
HGB_1_223_028,HGB_1_223_027
HGB_1_223_029,HGB_1_223_027
HGB_1_224_008,HGB_1_224_010
HGB_1_224_010,HGB_1_224_008
HGB_1_224_010,HGB_1_224_011
HGB_1_224_011,HGB_1_224_010
HGB_1_225_018,HGB_1_225_020
HGB_1_225_022,HGB_1_225_020
HGB_1_225_022,HGB_1_225_024
HGB_1_225_022,HGB_1_225_025
HGB_1_225_023,HGB_1_225_022
HGB_1_225_023,HGB_1_225_030
HGB_1_225_024,HGB_1_225_022
HGB_1_225_025,HGB_1_225_022
HGB_1_225_025,HGB_1_225_023
HGB_1_225_029,HGB_1_225_030
HGB_1_225_029,HGB_1_225_031
HGB_1_225_030,HGB_1_225_023
HGB_1_225_030,HGB_1_225_029
HGB_1_225_031,HGB_1_225_029
HGB_1_225_032,HGB_1_225_031
HGB_1_225_042,HGB_1_225_043
HGB_1_225_042,HGB_1_225_044
HGB_1_225_043,HGB_1_225_042
HGB_1_225_044,HGB_1_225_042
HGB_1_225_060,HGB_1_159_069
HGB_1_225_066,HGB_1_225_069
HGB_1_227_012,HGB_1_160_026
HGB_1_227_018,HGB_1_227_019
HGB_1_227_019,HGB_1_227_018
HGB_1_227_019,HGB_1_227_020
HGB_1_227_020,HGB_1_227_019
HGB_1_227_023,HGB_1_227_024
HGB_1_227_023,HGB_1_227_025
HGB_1_227_023,HGB_1_227_026
HGB_1_227_025,HGB_1_227_024
HGB_1_227_026,HGB_1_227_024
HGB_1_227_028,HGB_1_227_027
HGB_1_227_028,HGB_1_227_029
HGB_1_227_028,HGB_1_227_031
HGB_1_227_028,HGB_1_227_032
HGB_1_227_031,HGB_1_227_033
HGB_1_227_032,HGB_1_227_028
HGB_1_227_032,HGB_1_227_029
HGB_1_227_033,HGB_1_227_027
HGB_1_227_033,HGB_1_227_029
HGB_1_227_035,HGB_1_227_036
HGB_1_227_036,HGB_1_227_035
HGB_1_227_036,HGB_1_227_037
HGB_1_227_037,HGB_1_227_036
HGB_1_227_043,HGB_1_227_042
HGB_1_227_043,HGB_1_227_044
HGB_1_227_044,HGB_1_227_043
HGB_1_227_044,HGB_1_227_045
HGB_1_227_044,HGB_1_227_046
HGB_1_227_045,HGB_1_227_044
HGB_1_227_045,HGB_1_227_047
HGB_1_227_045,HGB_1_227_048
HGB_1_227_046,HGB_1_227_044
HGB_1_227_047,HGB_1_227_045
HGB_1_227_048,HGB_1_227_045
HGB_1_227_059,HGB_1_145_022
HGB_1_227_059,HGB_1_227_058
HGB_1_227_059,HGB_1_227_061
HGB_1_227_061,HGB_1_227_060
HGB_1_227_067,HGB_1_227_068
HGB_1_227_068,HGB_1_227_067
HGB_1_227_068,HGB_1_227_069
HGB_1_227_069,HGB_1_227_068
HGB_1_227_073,HGB_1_227_074
HGB_1_227_075,HGB_1_227_074
HGB_1_227_075,HGB_1_227_076
HGB_1_227_076,HGB_1_227_075
HGB_1_227_076,HGB_1_227_077
HGB_1_227_077,HGB_1_227_076
HGB_1_229_011,HGB_1_229_010
HGB_1_229_011,HGB_1_229_012
HGB_1_229_020,HGB_1_229_021
HGB_1_229_020,HGB_1_229_022
HGB_1_229_020,HGB_1_229_023
HGB_1_229_020,HGB_1_229_025
HGB_1_229_021,HGB_1_229_020
HGB_1_229_023,HGB_1_229_020
HGB_1_229_025,HGB_1_229_024
HGB_1_229_043,HGB_1_229_041
HGB_1_229_044,HGB_1_229_041
HGB_1_197_026,HGB_1_189_009
HGB_1_197_028,HGB_1_189_009
HGB_1_116_027,HGB_1_116_025
HGB_1_002_040,HGB_1_002_043
HGB_1_002_040,HGB_1_002_042
HGB_1_010_095,HGB_1_010_094
HGB_1_098_027,HGB_1_098_028
HGB_1_098_029,HGB_1_098_028
HGB_1_098_028,HGB_1_098_027
HGB_1_098_028,HGB_1_098_029
HGB_1_103_043,HGB_1_103_044
HGB_1_103_045,HGB_1_103_044
HGB_1_103_047,HGB_1_103_044
HGB_1_104_041,HGB_1_104_040
HGB_1_117_030,HGB_1_117_031
HGB_1_137_035,HGB_1_194_072
HGB_1_137_037,HGB_1_194_072
HGB_1_217_016,HGB_1_148_016
HGB_1_159_088,HGB_1_159_087
HGB_1_159_089,HGB_1_159_087
HGB_1_145_017,HGB_1_178_011
HGB_1_203_022,HGB_1_203_021
HGB_1_203_023,HGB_1_203_021
HGB_1_214_082,HGB_1_214_083
HGB_1_223_026,HGB_1_223_025
HGB_1_223_027,HGB_1_223_025
HGB_1_227_023,HGB_1_227_022